{"_module": "oauth2client.client", "scopes": ["https://www.googleapis.com/auth/drive"], "token_expiry": "2018-09-04T19:25:42Z", "id_token": null, "user_agent": null, "access_token": "ya29.GlsOBtySgtLNjKmw_94wvltn91Xk1dRBYtSLsZvuMiUkUvnbVjBtWxFSvJyO9xHfhzZIcAo6e0rajOWtGPs2GFsTNxlDjMn365BynwK9dkxHTgABClRzJ99H9tJp", "token_uri": "https://www.googleapis.com/oauth2/v3/token", "invalid": false, "token_response": {"access_token": "ya29.GlsOBtySgtLNjKmw_94wvltn91Xk1dRBYtSLsZvuMiUkUvnbVjBtWxFSvJyO9xHfhzZIcAo6e0rajOWtGPs2GFsTNxlDjMn365BynwK9dkxHTgABClRzJ99H9tJp", "scope": "https://www.googleapis.com/auth/drive", "token_type": "Bearer", "expires_in": 3600, "refresh_token": "1/_IfZiVX6c4-nFiYMKPapRmKrCgBf_aaGbs-avLsWjk8"}, "client_id": "929543902488-5oe5l1jqqcug2u1c3jukcaogl06vaiks.apps.googleusercontent.com", "token_info_uri": "https://www.googleapis.com/oauth2/v3/tokeninfo", "client_secret": "Twhb3QhyTDGx2vkGr3426_Ik", "revoke_uri": "https://accounts.google.com/o/oauth2/revoke", "_class": "OAuth2Credentials", "refresh_token": "1/_IfZiVX6c4-nFiYMKPapRmKrCgBf_aaGbs-avLsWjk8", "id_token_jwt": null}