relative zero value 1: 0,relative zero value 2: 0,relative zero value 3: 0
relative zero value 1: 1,relative zero value 2: 1,relative zero value 3: 1
relative zero value 1: 2,relative zero value 2: 2,relative zero value 3: 2
relative zero value 1: 3,relative zero value 2: 3,relative zero value 3: 3
relative zero value 1: 4,relative zero value 2: 4,relative zero value 3: 4
relative zero value 1: 5,relative zero value 2: 5,relative zero value 3: 5
relative zero value 1: 6,relative zero value 2: 6,relative zero value 3: 6
relative zero value 1: 7,relative zero value 2: 7,relative zero value 3: 7
relative zero value 1: 8,relative zero value 2: 8,relative zero value 3: 8
relative zero value 1: 9,relative zero value 2: 9,relative zero value 3: 9
relative zero value 1: 10,relative zero value 2: 10,relative zero value 3: 10
relative zero value 1: 11,relative zero value 2: 11,relative zero value 3: 11
relative zero value 1: 12,relative zero value 2: 12,relative zero value 3: 12
relative zero value 1: 13,relative zero value 2: 13,relative zero value 3: 13
relative zero value 1: 14,relative zero value 2: 14,relative zero value 3: 14
relative zero value 1: 15,relative zero value 2: 15,relative zero value 3: 15
relative zero value 1: 16,relative zero value 2: 16,relative zero value 3: 16
relative zero value 1: 17,relative zero value 2: 17,relative zero value 3: 17
relative zero value 1: 18,relative zero value 2: 18,relative zero value 3: 18
relative zero value 1: 19,relative zero value 2: 19,relative zero value 3: 19
relative zero value 1: 20,relative zero value 2: 20,relative zero value 3: 20
relative zero value 1: 21,relative zero value 2: 21,relative zero value 3: 21
relative zero value 1: 22,relative zero value 2: 22,relative zero value 3: 22
relative zero value 1: 23,relative zero value 2: 23,relative zero value 3: 23
relative zero value 1: 24,relative zero value 2: 24,relative zero value 3: 24
relative zero value 1: 25,relative zero value 2: 25,relative zero value 3: 25
relative zero value 1: 26,relative zero value 2: 26,relative zero value 3: 26
relative zero value 1: 27,relative zero value 2: 27,relative zero value 3: 27
relative zero value 1: 28,relative zero value 2: 28,relative zero value 3: 28
relative zero value 1: 29,relative zero value 2: 29,relative zero value 3: 29
relative zero value 1: 30,relative zero value 2: 30,relative zero value 3: 30
relative zero value 1: 31,relative zero value 2: 31,relative zero value 3: 31
relative zero value 1: 32,relative zero value 2: 32,relative zero value 3: 32
relative zero value 1: 33,relative zero value 2: 33,relative zero value 3: 33
relative zero value 1: 34,relative zero value 2: 34,relative zero value 3: 34
relative zero value 1: 35,relative zero value 2: 35,relative zero value 3: 35
relative zero value 1: 36,relative zero value 2: 36,relative zero value 3: 36
relative zero value 1: 37,relative zero value 2: 37,relative zero value 3: 37
relative zero value 1: 38,relative zero value 2: 38,relative zero value 3: 38
relative zero value 1: 39,relative zero value 2: 39,relative zero value 3: 39
relative zero value 1: 40,relative zero value 2: 40,relative zero value 3: 40
relative zero value 1: 41,relative zero value 2: 41,relative zero value 3: 41
relative zero value 1: 42,relative zero value 2: 42,relative zero value 3: 42
relative zero value 1: 43,relative zero value 2: 43,relative zero value 3: 43
relative zero value 1: 44,relative zero value 2: 44,relative zero value 3: 44
relative zero value 1: 45,relative zero value 2: 45,relative zero value 3: 45
relative zero value 1: 46,relative zero value 2: 46,relative zero value 3: 46
relative zero value 1: 47,relative zero value 2: 47,relative zero value 3: 47
relative zero value 1: 48,relative zero value 2: 48,relative zero value 3: 48
relative zero value 1: 49,relative zero value 2: 49,relative zero value 3: 49
relative zero value 1: 50,relative zero value 2: 50,relative zero value 3: 50
relative zero value 1: 51,relative zero value 2: 51,relative zero value 3: 51
relative zero value 1: 52,relative zero value 2: 52,relative zero value 3: 52
relative zero value 1: 53,relative zero value 2: 53,relative zero value 3: 53
relative zero value 1: 54,relative zero value 2: 54,relative zero value 3: 54
relative zero value 1: 55,relative zero value 2: 55,relative zero value 3: 55
relative zero value 1: 56,relative zero value 2: 56,relative zero value 3: 56
relative zero value 1: 57,relative zero value 2: 57,relative zero value 3: 57
relative zero value 1: 58,relative zero value 2: 58,relative zero value 3: 58
relative zero value 1: 59,relative zero value 2: 59,relative zero value 3: 59
relative zero value 1: 60,relative zero value 2: 60,relative zero value 3: 60
relative zero value 1: 61,relative zero value 2: 61,relative zero value 3: 61
relative zero value 1: 62,relative zero value 2: 62,relative zero value 3: 62
relative zero value 1: 63,relative zero value 2: 63,relative zero value 3: 63
relative zero value 1: 64,relative zero value 2: 64,relative zero value 3: 64
relative zero value 1: 65,relative zero value 2: 65,relative zero value 3: 65
relative zero value 1: 66,relative zero value 2: 66,relative zero value 3: 66
relative zero value 1: 67,relative zero value 2: 67,relative zero value 3: 67
relative zero value 1: 68,relative zero value 2: 68,relative zero value 3: 68
relative zero value 1: 69,relative zero value 2: 69,relative zero value 3: 69
relative zero value 1: 70,relative zero value 2: 70,relative zero value 3: 70
relative zero value 1: 71,relative zero value 2: 71,relative zero value 3: 71
relative zero value 1: 72,relative zero value 2: 72,relative zero value 3: 72
relative zero value 1: 73,relative zero value 2: 73,relative zero value 3: 73
relative zero value 1: 74,relative zero value 2: 74,relative zero value 3: 74
relative zero value 1: 75,relative zero value 2: 75,relative zero value 3: 75
relative zero value 1: 76,relative zero value 2: 76,relative zero value 3: 76
relative zero value 1: 77,relative zero value 2: 77,relative zero value 3: 77
relative zero value 1: 78,relative zero value 2: 78,relative zero value 3: 78
relative zero value 1: 79,relative zero value 2: 79,relative zero value 3: 79
relative zero value 1: 80,relative zero value 2: 80,relative zero value 3: 80
relative zero value 1: 81,relative zero value 2: 81,relative zero value 3: 81
relative zero value 1: 82,relative zero value 2: 82,relative zero value 3: 82
relative zero value 1: 83,relative zero value 2: 83,relative zero value 3: 83
relative zero value 1: 84,relative zero value 2: 84,relative zero value 3: 84
relative zero value 1: 85,relative zero value 2: 85,relative zero value 3: 85
relative zero value 1: 86,relative zero value 2: 86,relative zero value 3: 86
relative zero value 1: 87,relative zero value 2: 87,relative zero value 3: 87
relative zero value 1: 88,relative zero value 2: 88,relative zero value 3: 88
relative zero value 1: 89,relative zero value 2: 89,relative zero value 3: 89
relative zero value 1: 90,relative zero value 2: 90,relative zero value 3: 90
relative zero value 1: 91,relative zero value 2: 91,relative zero value 3: 91
relative zero value 1: 92,relative zero value 2: 92,relative zero value 3: 92
relative zero value 1: 93,relative zero value 2: 93,relative zero value 3: 93
relative zero value 1: 94,relative zero value 2: 94,relative zero value 3: 94
relative zero value 1: 95,relative zero value 2: 95,relative zero value 3: 95
relative zero value 1: 96,relative zero value 2: 96,relative zero value 3: 96
relative zero value 1: 97,relative zero value 2: 97,relative zero value 3: 97
relative zero value 1: 98,relative zero value 2: 98,relative zero value 3: 98
relative zero value 1: 99,relative zero value 2: 99,relative zero value 3: 99
relative zero value 1: 100,relative zero value 2: 100,relative zero value 3: 100
relative zero value 1: 101,relative zero value 2: 101,relative zero value 3: 101
relative zero value 1: 102,relative zero value 2: 102,relative zero value 3: 102
relative zero value 1: 103,relative zero value 2: 103,relative zero value 3: 103
relative zero value 1: 104,relative zero value 2: 104,relative zero value 3: 104
relative zero value 1: 105,relative zero value 2: 105,relative zero value 3: 105
relative zero value 1: 106,relative zero value 2: 106,relative zero value 3: 106
relative zero value 1: 107,relative zero value 2: 107,relative zero value 3: 107
relative zero value 1: 108,relative zero value 2: 108,relative zero value 3: 108
relative zero value 1: 109,relative zero value 2: 109,relative zero value 3: 109
relative zero value 1: 110,relative zero value 2: 110,relative zero value 3: 110
relative zero value 1: 111,relative zero value 2: 111,relative zero value 3: 111
relative zero value 1: 112,relative zero value 2: 112,relative zero value 3: 112
relative zero value 1: 113,relative zero value 2: 113,relative zero value 3: 113
relative zero value 1: 114,relative zero value 2: 114,relative zero value 3: 114
relative zero value 1: 115,relative zero value 2: 115,relative zero value 3: 115
relative zero value 1: 116,relative zero value 2: 116,relative zero value 3: 116
relative zero value 1: 117,relative zero value 2: 117,relative zero value 3: 117
relative zero value 1: 118,relative zero value 2: 118,relative zero value 3: 118
relative zero value 1: 119,relative zero value 2: 119,relative zero value 3: 119
relative zero value 1: 120,relative zero value 2: 120,relative zero value 3: 120
relative zero value 1: 121,relative zero value 2: 121,relative zero value 3: 121
relative zero value 1: 122,relative zero value 2: 122,relative zero value 3: 122
relative zero value 1: 123,relative zero value 2: 123,relative zero value 3: 123
relative zero value 1: 124,relative zero value 2: 124,relative zero value 3: 124
relative zero value 1: 125,relative zero value 2: 125,relative zero value 3: 125
relative zero value 1: 126,relative zero value 2: 126,relative zero value 3: 126
relative zero value 1: 127,relative zero value 2: 127,relative zero value 3: 127
relative zero value 1: 128,relative zero value 2: 128,relative zero value 3: 128
relative zero value 1: 129,relative zero value 2: 129,relative zero value 3: 129
relative zero value 1: 130,relative zero value 2: 130,relative zero value 3: 130
relative zero value 1: 131,relative zero value 2: 131,relative zero value 3: 131
relative zero value 1: 132,relative zero value 2: 132,relative zero value 3: 132
relative zero value 1: 133,relative zero value 2: 133,relative zero value 3: 133
relative zero value 1: 134,relative zero value 2: 134,relative zero value 3: 134
relative zero value 1: 135,relative zero value 2: 135,relative zero value 3: 135
relative zero value 1: 136,relative zero value 2: 136,relative zero value 3: 136
relative zero value 1: 137,relative zero value 2: 137,relative zero value 3: 137
relative zero value 1: 138,relative zero value 2: 138,relative zero value 3: 138
relative zero value 1: 139,relative zero value 2: 139,relative zero value 3: 139
relative zero value 1: 140,relative zero value 2: 140,relative zero value 3: 140
relative zero value 1: 141,relative zero value 2: 141,relative zero value 3: 141
relative zero value 1: 142,relative zero value 2: 142,relative zero value 3: 142
relative zero value 1: 143,relative zero value 2: 143,relative zero value 3: 143
relative zero value 1: 144,relative zero value 2: 144,relative zero value 3: 144
relative zero value 1: 145,relative zero value 2: 145,relative zero value 3: 145
relative zero value 1: 146,relative zero value 2: 146,relative zero value 3: 146
relative zero value 1: 147,relative zero value 2: 147,relative zero value 3: 147
relative zero value 1: 148,relative zero value 2: 148,relative zero value 3: 148
relative zero value 1: 149,relative zero value 2: 149,relative zero value 3: 149
relative zero value 1: 150,relative zero value 2: 150,relative zero value 3: 150
relative zero value 1: 151,relative zero value 2: 151,relative zero value 3: 151
relative zero value 1: 152,relative zero value 2: 152,relative zero value 3: 152
relative zero value 1: 153,relative zero value 2: 153,relative zero value 3: 153
relative zero value 1: 154,relative zero value 2: 154,relative zero value 3: 154
relative zero value 1: 155,relative zero value 2: 155,relative zero value 3: 155
relative zero value 1: 156,relative zero value 2: 156,relative zero value 3: 156
relative zero value 1: 157,relative zero value 2: 157,relative zero value 3: 157
relative zero value 1: 158,relative zero value 2: 158,relative zero value 3: 158
relative zero value 1: 159,relative zero value 2: 159,relative zero value 3: 159
relative zero value 1: 160,relative zero value 2: 160,relative zero value 3: 160
relative zero value 1: 161,relative zero value 2: 161,relative zero value 3: 161
relative zero value 1: 162,relative zero value 2: 162,relative zero value 3: 162
relative zero value 1: 163,relative zero value 2: 163,relative zero value 3: 163
relative zero value 1: 164,relative zero value 2: 164,relative zero value 3: 164
relative zero value 1: 165,relative zero value 2: 165,relative zero value 3: 165
relative zero value 1: 166,relative zero value 2: 166,relative zero value 3: 166
relative zero value 1: 167,relative zero value 2: 167,relative zero value 3: 167
relative zero value 1: 168,relative zero value 2: 168,relative zero value 3: 168
relative zero value 1: 169,relative zero value 2: 169,relative zero value 3: 169
relative zero value 1: 170,relative zero value 2: 170,relative zero value 3: 170
relative zero value 1: 171,relative zero value 2: 171,relative zero value 3: 171
relative zero value 1: 172,relative zero value 2: 172,relative zero value 3: 172
relative zero value 1: 173,relative zero value 2: 173,relative zero value 3: 173
relative zero value 1: 174,relative zero value 2: 174,relative zero value 3: 174
relative zero value 1: 175,relative zero value 2: 175,relative zero value 3: 175
relative zero value 1: 176,relative zero value 2: 176,relative zero value 3: 176
relative zero value 1: 177,relative zero value 2: 177,relative zero value 3: 177
relative zero value 1: 178,relative zero value 2: 178,relative zero value 3: 178
relative zero value 1: 179,relative zero value 2: 179,relative zero value 3: 179
relative zero value 1: 180,relative zero value 2: 180,relative zero value 3: 180
relative zero value 1: 181,relative zero value 2: 181,relative zero value 3: 181
relative zero value 1: 182,relative zero value 2: 182,relative zero value 3: 182
relative zero value 1: 183,relative zero value 2: 183,relative zero value 3: 183
relative zero value 1: 184,relative zero value 2: 184,relative zero value 3: 184
relative zero value 1: 185,relative zero value 2: 185,relative zero value 3: 185
relative zero value 1: 186,relative zero value 2: 186,relative zero value 3: 186
relative zero value 1: 187,relative zero value 2: 187,relative zero value 3: 187
relative zero value 1: 188,relative zero value 2: 188,relative zero value 3: 188
relative zero value 1: 189,relative zero value 2: 189,relative zero value 3: 189
relative zero value 1: 190,relative zero value 2: 190,relative zero value 3: 190
relative zero value 1: 191,relative zero value 2: 191,relative zero value 3: 191
relative zero value 1: 192,relative zero value 2: 192,relative zero value 3: 192
relative zero value 1: 193,relative zero value 2: 193,relative zero value 3: 193
relative zero value 1: 194,relative zero value 2: 194,relative zero value 3: 194
relative zero value 1: 195,relative zero value 2: 195,relative zero value 3: 195
relative zero value 1: 196,relative zero value 2: 196,relative zero value 3: 196
relative zero value 1: 197,relative zero value 2: 197,relative zero value 3: 197
relative zero value 1: 198,relative zero value 2: 198,relative zero value 3: 198
relative zero value 1: 199,relative zero value 2: 199,relative zero value 3: 199
relative zero value 1: 200,relative zero value 2: 200,relative zero value 3: 200
relative zero value 1: 201,relative zero value 2: 201,relative zero value 3: 201
relative zero value 1: 202,relative zero value 2: 202,relative zero value 3: 202
relative zero value 1: 203,relative zero value 2: 203,relative zero value 3: 203
relative zero value 1: 204,relative zero value 2: 204,relative zero value 3: 204
relative zero value 1: 205,relative zero value 2: 205,relative zero value 3: 205
relative zero value 1: 206,relative zero value 2: 206,relative zero value 3: 206
relative zero value 1: 207,relative zero value 2: 207,relative zero value 3: 207
relative zero value 1: 208,relative zero value 2: 208,relative zero value 3: 208
relative zero value 1: 209,relative zero value 2: 209,relative zero value 3: 209
relative zero value 1: 210,relative zero value 2: 210,relative zero value 3: 210
relative zero value 1: 211,relative zero value 2: 211,relative zero value 3: 211
relative zero value 1: 212,relative zero value 2: 212,relative zero value 3: 212
relative zero value 1: 213,relative zero value 2: 213,relative zero value 3: 213
relative zero value 1: 214,relative zero value 2: 214,relative zero value 3: 214
relative zero value 1: 215,relative zero value 2: 215,relative zero value 3: 215
relative zero value 1: 216,relative zero value 2: 216,relative zero value 3: 216
relative zero value 1: 217,relative zero value 2: 217,relative zero value 3: 217
relative zero value 1: 218,relative zero value 2: 218,relative zero value 3: 218
relative zero value 1: 219,relative zero value 2: 219,relative zero value 3: 219
relative zero value 1: 220,relative zero value 2: 220,relative zero value 3: 220
relative zero value 1: 221,relative zero value 2: 221,relative zero value 3: 221
relative zero value 1: 222,relative zero value 2: 222,relative zero value 3: 222
relative zero value 1: 223,relative zero value 2: 223,relative zero value 3: 223
relative zero value 1: 224,relative zero value 2: 224,relative zero value 3: 224
relative zero value 1: 225,relative zero value 2: 225,relative zero value 3: 225
relative zero value 1: 226,relative zero value 2: 226,relative zero value 3: 226
relative zero value 1: 227,relative zero value 2: 227,relative zero value 3: 227
relative zero value 1: 228,relative zero value 2: 228,relative zero value 3: 228
relative zero value 1: 229,relative zero value 2: 229,relative zero value 3: 229
relative zero value 1: 230,relative zero value 2: 230,relative zero value 3: 230
relative zero value 1: 231,relative zero value 2: 231,relative zero value 3: 231
relative zero value 1: 232,relative zero value 2: 232,relative zero value 3: 232
relative zero value 1: 233,relative zero value 2: 233,relative zero value 3: 233
relative zero value 1: 234,relative zero value 2: 234,relative zero value 3: 234
relative zero value 1: 235,relative zero value 2: 235,relative zero value 3: 235
relative zero value 1: 236,relative zero value 2: 236,relative zero value 3: 236
relative zero value 1: 237,relative zero value 2: 237,relative zero value 3: 237
relative zero value 1: 238,relative zero value 2: 238,relative zero value 3: 238
relative zero value 1: 239,relative zero value 2: 239,relative zero value 3: 239
relative zero value 1: 240,relative zero value 2: 240,relative zero value 3: 240
relative zero value 1: 241,relative zero value 2: 241,relative zero value 3: 241
relative zero value 1: 242,relative zero value 2: 242,relative zero value 3: 242
relative zero value 1: 243,relative zero value 2: 243,relative zero value 3: 243
relative zero value 1: 244,relative zero value 2: 244,relative zero value 3: 244
relative zero value 1: 245,relative zero value 2: 245,relative zero value 3: 245
relative zero value 1: 246,relative zero value 2: 246,relative zero value 3: 246
relative zero value 1: 247,relative zero value 2: 247,relative zero value 3: 247
relative zero value 1: 248,relative zero value 2: 248,relative zero value 3: 248
relative zero value 1: 249,relative zero value 2: 249,relative zero value 3: 249
relative zero value 1: 250,relative zero value 2: 250,relative zero value 3: 250
relative zero value 1: 251,relative zero value 2: 251,relative zero value 3: 251
relative zero value 1: 252,relative zero value 2: 252,relative zero value 3: 252
relative zero value 1: 253,relative zero value 2: 253,relative zero value 3: 253
relative zero value 1: 254,relative zero value 2: 254,relative zero value 3: 254
relative zero value 1: 255,relative zero value 2: 255,relative zero value 3: 255
relative zero value 1: 256,relative zero value 2: 256,relative zero value 3: 256
relative zero value 1: 257,relative zero value 2: 257,relative zero value 3: 257
relative zero value 1: 258,relative zero value 2: 258,relative zero value 3: 258
relative zero value 1: 259,relative zero value 2: 259,relative zero value 3: 259
relative zero value 1: 260,relative zero value 2: 260,relative zero value 3: 260
relative zero value 1: 261,relative zero value 2: 261,relative zero value 3: 261
relative zero value 1: 262,relative zero value 2: 262,relative zero value 3: 262
relative zero value 1: 263,relative zero value 2: 263,relative zero value 3: 263
relative zero value 1: 264,relative zero value 2: 264,relative zero value 3: 264
relative zero value 1: 265,relative zero value 2: 265,relative zero value 3: 265
relative zero value 1: 266,relative zero value 2: 266,relative zero value 3: 266
relative zero value 1: 267,relative zero value 2: 267,relative zero value 3: 267
relative zero value 1: 268,relative zero value 2: 268,relative zero value 3: 268
relative zero value 1: 269,relative zero value 2: 269,relative zero value 3: 269
relative zero value 1: 270,relative zero value 2: 270,relative zero value 3: 270
relative zero value 1: 271,relative zero value 2: 271,relative zero value 3: 271
relative zero value 1: 272,relative zero value 2: 272,relative zero value 3: 272
relative zero value 1: 273,relative zero value 2: 273,relative zero value 3: 273
relative zero value 1: 274,relative zero value 2: 274,relative zero value 3: 274
relative zero value 1: 275,relative zero value 2: 275,relative zero value 3: 275
relative zero value 1: 276,relative zero value 2: 276,relative zero value 3: 276
relative zero value 1: 277,relative zero value 2: 277,relative zero value 3: 277
relative zero value 1: 278,relative zero value 2: 278,relative zero value 3: 278
relative zero value 1: 279,relative zero value 2: 279,relative zero value 3: 279
relative zero value 1: 280,relative zero value 2: 280,relative zero value 3: 280
relative zero value 1: 281,relative zero value 2: 281,relative zero value 3: 281
relative zero value 1: 282,relative zero value 2: 282,relative zero value 3: 282
relative zero value 1: 283,relative zero value 2: 283,relative zero value 3: 283
relative zero value 1: 284,relative zero value 2: 284,relative zero value 3: 284
relative zero value 1: 285,relative zero value 2: 285,relative zero value 3: 285
relative zero value 1: 286,relative zero value 2: 286,relative zero value 3: 286
relative zero value 1: 287,relative zero value 2: 287,relative zero value 3: 287
relative zero value 1: 288,relative zero value 2: 288,relative zero value 3: 288
relative zero value 1: 289,relative zero value 2: 289,relative zero value 3: 289
relative zero value 1: 290,relative zero value 2: 290,relative zero value 3: 290
relative zero value 1: 291,relative zero value 2: 291,relative zero value 3: 291
relative zero value 1: 292,relative zero value 2: 292,relative zero value 3: 292
relative zero value 1: 293,relative zero value 2: 293,relative zero value 3: 293
relative zero value 1: 294,relative zero value 2: 294,relative zero value 3: 294
relative zero value 1: 295,relative zero value 2: 295,relative zero value 3: 295
relative zero value 1: 296,relative zero value 2: 296,relative zero value 3: 296
relative zero value 1: 297,relative zero value 2: 297,relative zero value 3: 297
relative zero value 1: 298,relative zero value 2: 298,relative zero value 3: 298
relative zero value 1: 299,relative zero value 2: 299,relative zero value 3: 299
relative zero value 1: 300,relative zero value 2: 300,relative zero value 3: 300
relative zero value 1: 301,relative zero value 2: 301,relative zero value 3: 301
relative zero value 1: 302,relative zero value 2: 302,relative zero value 3: 302
relative zero value 1: 303,relative zero value 2: 303,relative zero value 3: 303
relative zero value 1: 304,relative zero value 2: 304,relative zero value 3: 304
relative zero value 1: 305,relative zero value 2: 305,relative zero value 3: 305
relative zero value 1: 306,relative zero value 2: 306,relative zero value 3: 306
relative zero value 1: 307,relative zero value 2: 307,relative zero value 3: 307
relative zero value 1: 308,relative zero value 2: 308,relative zero value 3: 308
relative zero value 1: 309,relative zero value 2: 309,relative zero value 3: 309
relative zero value 1: 310,relative zero value 2: 310,relative zero value 3: 310
relative zero value 1: 311,relative zero value 2: 311,relative zero value 3: 311
relative zero value 1: 312,relative zero value 2: 312,relative zero value 3: 312
relative zero value 1: 313,relative zero value 2: 313,relative zero value 3: 313
relative zero value 1: 314,relative zero value 2: 314,relative zero value 3: 314
relative zero value 1: 315,relative zero value 2: 315,relative zero value 3: 315
relative zero value 1: 316,relative zero value 2: 316,relative zero value 3: 316
relative zero value 1: 317,relative zero value 2: 317,relative zero value 3: 317
relative zero value 1: 318,relative zero value 2: 318,relative zero value 3: 318
relative zero value 1: 319,relative zero value 2: 319,relative zero value 3: 319
relative zero value 1: 320,relative zero value 2: 320,relative zero value 3: 320
relative zero value 1: 321,relative zero value 2: 321,relative zero value 3: 321
relative zero value 1: 322,relative zero value 2: 322,relative zero value 3: 322
relative zero value 1: 323,relative zero value 2: 323,relative zero value 3: 323
relative zero value 1: 324,relative zero value 2: 324,relative zero value 3: 324
relative zero value 1: 325,relative zero value 2: 325,relative zero value 3: 325
relative zero value 1: 326,relative zero value 2: 326,relative zero value 3: 326
relative zero value 1: 327,relative zero value 2: 327,relative zero value 3: 327
relative zero value 1: 328,relative zero value 2: 328,relative zero value 3: 328
relative zero value 1: 329,relative zero value 2: 329,relative zero value 3: 329
relative zero value 1: 330,relative zero value 2: 330,relative zero value 3: 330
relative zero value 1: 331,relative zero value 2: 331,relative zero value 3: 331
relative zero value 1: 332,relative zero value 2: 332,relative zero value 3: 332
relative zero value 1: 333,relative zero value 2: 333,relative zero value 3: 333
relative zero value 1: 334,relative zero value 2: 334,relative zero value 3: 334
relative zero value 1: 335,relative zero value 2: 335,relative zero value 3: 335
relative zero value 1: 336,relative zero value 2: 336,relative zero value 3: 336
relative zero value 1: 337,relative zero value 2: 337,relative zero value 3: 337
relative zero value 1: 338,relative zero value 2: 338,relative zero value 3: 338
relative zero value 1: 339,relative zero value 2: 339,relative zero value 3: 339
relative zero value 1: 340,relative zero value 2: 340,relative zero value 3: 340
relative zero value 1: 341,relative zero value 2: 341,relative zero value 3: 341
relative zero value 1: 342,relative zero value 2: 342,relative zero value 3: 342
relative zero value 1: 343,relative zero value 2: 343,relative zero value 3: 343
relative zero value 1: 344,relative zero value 2: 344,relative zero value 3: 344
relative zero value 1: 345,relative zero value 2: 345,relative zero value 3: 345
relative zero value 1: 346,relative zero value 2: 346,relative zero value 3: 346
relative zero value 1: 347,relative zero value 2: 347,relative zero value 3: 347
relative zero value 1: 348,relative zero value 2: 348,relative zero value 3: 348
relative zero value 1: 349,relative zero value 2: 349,relative zero value 3: 349
relative zero value 1: 350,relative zero value 2: 350,relative zero value 3: 350
relative zero value 1: 351,relative zero value 2: 351,relative zero value 3: 351
relative zero value 1: 352,relative zero value 2: 352,relative zero value 3: 352
relative zero value 1: 353,relative zero value 2: 353,relative zero value 3: 353
relative zero value 1: 354,relative zero value 2: 354,relative zero value 3: 354
relative zero value 1: 355,relative zero value 2: 355,relative zero value 3: 355
relative zero value 1: 356,relative zero value 2: 356,relative zero value 3: 356
relative zero value 1: 357,relative zero value 2: 357,relative zero value 3: 357
relative zero value 1: 358,relative zero value 2: 358,relative zero value 3: 358
relative zero value 1: 359,relative zero value 2: 359,relative zero value 3: 359
relative zero value 1: 360,relative zero value 2: 360,relative zero value 3: 360
relative zero value 1: 361,relative zero value 2: 361,relative zero value 3: 361
relative zero value 1: 362,relative zero value 2: 362,relative zero value 3: 362
relative zero value 1: 363,relative zero value 2: 363,relative zero value 3: 363
relative zero value 1: 364,relative zero value 2: 364,relative zero value 3: 364
relative zero value 1: 365,relative zero value 2: 365,relative zero value 3: 365
relative zero value 1: 366,relative zero value 2: 366,relative zero value 3: 366
relative zero value 1: 367,relative zero value 2: 367,relative zero value 3: 367
relative zero value 1: 368,relative zero value 2: 368,relative zero value 3: 368
relative zero value 1: 369,relative zero value 2: 369,relative zero value 3: 369
relative zero value 1: 370,relative zero value 2: 370,relative zero value 3: 370
relative zero value 1: 371,relative zero value 2: 371,relative zero value 3: 371
relative zero value 1: 372,relative zero value 2: 372,relative zero value 3: 372
relative zero value 1: 373,relative zero value 2: 373,relative zero value 3: 373
relative zero value 1: 374,relative zero value 2: 374,relative zero value 3: 374
relative zero value 1: 375,relative zero value 2: 375,relative zero value 3: 375
relative zero value 1: 376,relative zero value 2: 376,relative zero value 3: 376
relative zero value 1: 377,relative zero value 2: 377,relative zero value 3: 377
relative zero value 1: 378,relative zero value 2: 378,relative zero value 3: 378
relative zero value 1: 379,relative zero value 2: 379,relative zero value 3: 379
relative zero value 1: 380,relative zero value 2: 380,relative zero value 3: 380
relative zero value 1: 381,relative zero value 2: 381,relative zero value 3: 381
relative zero value 1: 382,relative zero value 2: 382,relative zero value 3: 382
relative zero value 1: 383,relative zero value 2: 383,relative zero value 3: 383
relative zero value 1: 384,relative zero value 2: 384,relative zero value 3: 384
relative zero value 1: 385,relative zero value 2: 385,relative zero value 3: 385
relative zero value 1: 386,relative zero value 2: 386,relative zero value 3: 386
relative zero value 1: 387,relative zero value 2: 387,relative zero value 3: 387
relative zero value 1: 388,relative zero value 2: 388,relative zero value 3: 388
relative zero value 1: 389,relative zero value 2: 389,relative zero value 3: 389
relative zero value 1: 390,relative zero value 2: 390,relative zero value 3: 390
relative zero value 1: 391,relative zero value 2: 391,relative zero value 3: 391
relative zero value 1: 392,relative zero value 2: 392,relative zero value 3: 392
relative zero value 1: 393,relative zero value 2: 393,relative zero value 3: 393
relative zero value 1: 394,relative zero value 2: 394,relative zero value 3: 394
relative zero value 1: 395,relative zero value 2: 395,relative zero value 3: 395
relative zero value 1: 396,relative zero value 2: 396,relative zero value 3: 396
relative zero value 1: 397,relative zero value 2: 397,relative zero value 3: 397
relative zero value 1: 398,relative zero value 2: 398,relative zero value 3: 398
relative zero value 1: 399,relative zero value 2: 399,relative zero value 3: 399
relative zero value 1: 400,relative zero value 2: 400,relative zero value 3: 400
relative zero value 1: 401,relative zero value 2: 401,relative zero value 3: 401
relative zero value 1: 402,relative zero value 2: 402,relative zero value 3: 402
relative zero value 1: 403,relative zero value 2: 403,relative zero value 3: 403
relative zero value 1: 404,relative zero value 2: 404,relative zero value 3: 404
relative zero value 1: 405,relative zero value 2: 405,relative zero value 3: 405
relative zero value 1: 406,relative zero value 2: 406,relative zero value 3: 406
relative zero value 1: 407,relative zero value 2: 407,relative zero value 3: 407
relative zero value 1: 408,relative zero value 2: 408,relative zero value 3: 408
relative zero value 1: 409,relative zero value 2: 409,relative zero value 3: 409
relative zero value 1: 410,relative zero value 2: 410,relative zero value 3: 410
relative zero value 1: 411,relative zero value 2: 411,relative zero value 3: 411
relative zero value 1: 412,relative zero value 2: 412,relative zero value 3: 412
relative zero value 1: 413,relative zero value 2: 413,relative zero value 3: 413
relative zero value 1: 414,relative zero value 2: 414,relative zero value 3: 414
relative zero value 1: 415,relative zero value 2: 415,relative zero value 3: 415
relative zero value 1: 416,relative zero value 2: 416,relative zero value 3: 416
relative zero value 1: 417,relative zero value 2: 417,relative zero value 3: 417
relative zero value 1: 418,relative zero value 2: 418,relative zero value 3: 418
relative zero value 1: 419,relative zero value 2: 419,relative zero value 3: 419
relative zero value 1: 420,relative zero value 2: 420,relative zero value 3: 420
relative zero value 1: 421,relative zero value 2: 421,relative zero value 3: 421
relative zero value 1: 422,relative zero value 2: 422,relative zero value 3: 422
relative zero value 1: 423,relative zero value 2: 423,relative zero value 3: 423
relative zero value 1: 424,relative zero value 2: 424,relative zero value 3: 424
relative zero value 1: 425,relative zero value 2: 425,relative zero value 3: 425
relative zero value 1: 426,relative zero value 2: 426,relative zero value 3: 426
relative zero value 1: 427,relative zero value 2: 427,relative zero value 3: 427
relative zero value 1: 428,relative zero value 2: 428,relative zero value 3: 428
relative zero value 1: 429,relative zero value 2: 429,relative zero value 3: 429
relative zero value 1: 430,relative zero value 2: 430,relative zero value 3: 430
relative zero value 1: 431,relative zero value 2: 431,relative zero value 3: 431
relative zero value 1: 432,relative zero value 2: 432,relative zero value 3: 432
relative zero value 1: 433,relative zero value 2: 433,relative zero value 3: 433
relative zero value 1: 434,relative zero value 2: 434,relative zero value 3: 434
relative zero value 1: 435,relative zero value 2: 435,relative zero value 3: 435
relative zero value 1: 436,relative zero value 2: 436,relative zero value 3: 436
relative zero value 1: 437,relative zero value 2: 437,relative zero value 3: 437
relative zero value 1: 438,relative zero value 2: 438,relative zero value 3: 438
relative zero value 1: 439,relative zero value 2: 439,relative zero value 3: 439
relative zero value 1: 440,relative zero value 2: 440,relative zero value 3: 440
relative zero value 1: 441,relative zero value 2: 441,relative zero value 3: 441
relative zero value 1: 442,relative zero value 2: 442,relative zero value 3: 442
relative zero value 1: 443,relative zero value 2: 443,relative zero value 3: 443
relative zero value 1: 444,relative zero value 2: 444,relative zero value 3: 444
relative zero value 1: 445,relative zero value 2: 445,relative zero value 3: 445
relative zero value 1: 446,relative zero value 2: 446,relative zero value 3: 446
relative zero value 1: 447,relative zero value 2: 447,relative zero value 3: 447
relative zero value 1: 448,relative zero value 2: 448,relative zero value 3: 448
relative zero value 1: 449,relative zero value 2: 449,relative zero value 3: 449
relative zero value 1: 450,relative zero value 2: 450,relative zero value 3: 450
relative zero value 1: 451,relative zero value 2: 451,relative zero value 3: 451
relative zero value 1: 452,relative zero value 2: 452,relative zero value 3: 452
relative zero value 1: 453,relative zero value 2: 453,relative zero value 3: 453
relative zero value 1: 454,relative zero value 2: 454,relative zero value 3: 454
relative zero value 1: 455,relative zero value 2: 455,relative zero value 3: 455
relative zero value 1: 456,relative zero value 2: 456,relative zero value 3: 456
relative zero value 1: 457,relative zero value 2: 457,relative zero value 3: 457
relative zero value 1: 458,relative zero value 2: 458,relative zero value 3: 458
relative zero value 1: 459,relative zero value 2: 459,relative zero value 3: 459
relative zero value 1: 460,relative zero value 2: 460,relative zero value 3: 460
relative zero value 1: 461,relative zero value 2: 461,relative zero value 3: 461
relative zero value 1: 462,relative zero value 2: 462,relative zero value 3: 462
relative zero value 1: 463,relative zero value 2: 463,relative zero value 3: 463
relative zero value 1: 464,relative zero value 2: 464,relative zero value 3: 464
relative zero value 1: 465,relative zero value 2: 465,relative zero value 3: 465
relative zero value 1: 466,relative zero value 2: 466,relative zero value 3: 466
relative zero value 1: 467,relative zero value 2: 467,relative zero value 3: 467
relative zero value 1: 468,relative zero value 2: 468,relative zero value 3: 468
relative zero value 1: 469,relative zero value 2: 469,relative zero value 3: 469
relative zero value 1: 470,relative zero value 2: 470,relative zero value 3: 470
relative zero value 1: 471,relative zero value 2: 471,relative zero value 3: 471
relative zero value 1: 472,relative zero value 2: 472,relative zero value 3: 472
relative zero value 1: 473,relative zero value 2: 473,relative zero value 3: 473
relative zero value 1: 474,relative zero value 2: 474,relative zero value 3: 474
relative zero value 1: 475,relative zero value 2: 475,relative zero value 3: 475
relative zero value 1: 476,relative zero value 2: 476,relative zero value 3: 476
relative zero value 1: 477,relative zero value 2: 477,relative zero value 3: 477
relative zero value 1: 478,relative zero value 2: 478,relative zero value 3: 478
relative zero value 1: 479,relative zero value 2: 479,relative zero value 3: 479
relative zero value 1: 480,relative zero value 2: 480,relative zero value 3: 480
relative zero value 1: 481,relative zero value 2: 481,relative zero value 3: 481
relative zero value 1: 482,relative zero value 2: 482,relative zero value 3: 482
relative zero value 1: 483,relative zero value 2: 483,relative zero value 3: 483
relative zero value 1: 484,relative zero value 2: 484,relative zero value 3: 484
relative zero value 1: 485,relative zero value 2: 485,relative zero value 3: 485
relative zero value 1: 486,relative zero value 2: 486,relative zero value 3: 486
relative zero value 1: 487,relative zero value 2: 487,relative zero value 3: 487
relative zero value 1: 488,relative zero value 2: 488,relative zero value 3: 488
relative zero value 1: 489,relative zero value 2: 489,relative zero value 3: 489
relative zero value 1: 490,relative zero value 2: 490,relative zero value 3: 490
relative zero value 1: 491,relative zero value 2: 491,relative zero value 3: 491
relative zero value 1: 492,relative zero value 2: 492,relative zero value 3: 492
relative zero value 1: 493,relative zero value 2: 493,relative zero value 3: 493
relative zero value 1: 494,relative zero value 2: 494,relative zero value 3: 494
relative zero value 1: 495,relative zero value 2: 495,relative zero value 3: 495
relative zero value 1: 496,relative zero value 2: 496,relative zero value 3: 496
relative zero value 1: 497,relative zero value 2: 497,relative zero value 3: 497
relative zero value 1: 498,relative zero value 2: 498,relative zero value 3: 498
relative zero value 1: 499,relative zero value 2: 499,relative zero value 3: 499
relative zero value 1: 500,relative zero value 2: 500,relative zero value 3: 500
relative zero value 1: 501,relative zero value 2: 501,relative zero value 3: 501
relative zero value 1: 502,relative zero value 2: 502,relative zero value 3: 502
relative zero value 1: 503,relative zero value 2: 503,relative zero value 3: 503
relative zero value 1: 504,relative zero value 2: 504,relative zero value 3: 504
relative zero value 1: 505,relative zero value 2: 505,relative zero value 3: 505
relative zero value 1: 506,relative zero value 2: 506,relative zero value 3: 506
relative zero value 1: 507,relative zero value 2: 507,relative zero value 3: 507
relative zero value 1: 508,relative zero value 2: 508,relative zero value 3: 508
relative zero value 1: 509,relative zero value 2: 509,relative zero value 3: 509
relative zero value 1: 510,relative zero value 2: 510,relative zero value 3: 510
relative zero value 1: 511,relative zero value 2: 511,relative zero value 3: 511
relative zero value 1: 512,relative zero value 2: 512,relative zero value 3: 512
relative zero value 1: 513,relative zero value 2: 513,relative zero value 3: 513
relative zero value 1: 514,relative zero value 2: 514,relative zero value 3: 514
relative zero value 1: 515,relative zero value 2: 515,relative zero value 3: 515
relative zero value 1: 516,relative zero value 2: 516,relative zero value 3: 516
relative zero value 1: 517,relative zero value 2: 517,relative zero value 3: 517
relative zero value 1: 518,relative zero value 2: 518,relative zero value 3: 518
relative zero value 1: 519,relative zero value 2: 519,relative zero value 3: 519
relative zero value 1: 520,relative zero value 2: 520,relative zero value 3: 520
relative zero value 1: 521,relative zero value 2: 521,relative zero value 3: 521
relative zero value 1: 522,relative zero value 2: 522,relative zero value 3: 522
relative zero value 1: 523,relative zero value 2: 523,relative zero value 3: 523
relative zero value 1: 524,relative zero value 2: 524,relative zero value 3: 524
relative zero value 1: 525,relative zero value 2: 525,relative zero value 3: 525
relative zero value 1: 526,relative zero value 2: 526,relative zero value 3: 526
relative zero value 1: 527,relative zero value 2: 527,relative zero value 3: 527
relative zero value 1: 528,relative zero value 2: 528,relative zero value 3: 528
relative zero value 1: 529,relative zero value 2: 529,relative zero value 3: 529
relative zero value 1: 530,relative zero value 2: 530,relative zero value 3: 530
relative zero value 1: 531,relative zero value 2: 531,relative zero value 3: 531
relative zero value 1: 532,relative zero value 2: 532,relative zero value 3: 532
relative zero value 1: 533,relative zero value 2: 533,relative zero value 3: 533
relative zero value 1: 534,relative zero value 2: 534,relative zero value 3: 534
relative zero value 1: 535,relative zero value 2: 535,relative zero value 3: 535
relative zero value 1: 536,relative zero value 2: 536,relative zero value 3: 536
relative zero value 1: 537,relative zero value 2: 537,relative zero value 3: 537
relative zero value 1: 538,relative zero value 2: 538,relative zero value 3: 538
relative zero value 1: 539,relative zero value 2: 539,relative zero value 3: 539
relative zero value 1: 540,relative zero value 2: 540,relative zero value 3: 540
relative zero value 1: 541,relative zero value 2: 541,relative zero value 3: 541
relative zero value 1: 542,relative zero value 2: 542,relative zero value 3: 542
relative zero value 1: 543,relative zero value 2: 543,relative zero value 3: 543
relative zero value 1: 544,relative zero value 2: 544,relative zero value 3: 544
relative zero value 1: 545,relative zero value 2: 545,relative zero value 3: 545
relative zero value 1: 546,relative zero value 2: 546,relative zero value 3: 546
relative zero value 1: 547,relative zero value 2: 547,relative zero value 3: 547
relative zero value 1: 548,relative zero value 2: 548,relative zero value 3: 548
relative zero value 1: 549,relative zero value 2: 549,relative zero value 3: 549
relative zero value 1: 550,relative zero value 2: 550,relative zero value 3: 550
relative zero value 1: 551,relative zero value 2: 551,relative zero value 3: 551
relative zero value 1: 552,relative zero value 2: 552,relative zero value 3: 552
relative zero value 1: 553,relative zero value 2: 553,relative zero value 3: 553
relative zero value 1: 554,relative zero value 2: 554,relative zero value 3: 554
relative zero value 1: 555,relative zero value 2: 555,relative zero value 3: 555
relative zero value 1: 556,relative zero value 2: 556,relative zero value 3: 556
relative zero value 1: 557,relative zero value 2: 557,relative zero value 3: 557
relative zero value 1: 558,relative zero value 2: 558,relative zero value 3: 558
relative zero value 1: 559,relative zero value 2: 559,relative zero value 3: 559
relative zero value 1: 560,relative zero value 2: 560,relative zero value 3: 560
relative zero value 1: 561,relative zero value 2: 561,relative zero value 3: 561
relative zero value 1: 562,relative zero value 2: 562,relative zero value 3: 562
relative zero value 1: 563,relative zero value 2: 563,relative zero value 3: 563
relative zero value 1: 564,relative zero value 2: 564,relative zero value 3: 564
relative zero value 1: 565,relative zero value 2: 565,relative zero value 3: 565
relative zero value 1: 566,relative zero value 2: 566,relative zero value 3: 566
relative zero value 1: 567,relative zero value 2: 567,relative zero value 3: 567
relative zero value 1: 568,relative zero value 2: 568,relative zero value 3: 568
relative zero value 1: 569,relative zero value 2: 569,relative zero value 3: 569
relative zero value 1: 570,relative zero value 2: 570,relative zero value 3: 570
relative zero value 1: 571,relative zero value 2: 571,relative zero value 3: 571
relative zero value 1: 572,relative zero value 2: 572,relative zero value 3: 572
relative zero value 1: 573,relative zero value 2: 573,relative zero value 3: 573
relative zero value 1: 574,relative zero value 2: 574,relative zero value 3: 574
relative zero value 1: 575,relative zero value 2: 575,relative zero value 3: 575
relative zero value 1: 576,relative zero value 2: 576,relative zero value 3: 576
relative zero value 1: 577,relative zero value 2: 577,relative zero value 3: 577
relative zero value 1: 578,relative zero value 2: 578,relative zero value 3: 578
relative zero value 1: 579,relative zero value 2: 579,relative zero value 3: 579
relative zero value 1: 580,relative zero value 2: 580,relative zero value 3: 580
relative zero value 1: 581,relative zero value 2: 581,relative zero value 3: 581
relative zero value 1: 582,relative zero value 2: 582,relative zero value 3: 582
relative zero value 1: 583,relative zero value 2: 583,relative zero value 3: 583
relative zero value 1: 584,relative zero value 2: 584,relative zero value 3: 584
relative zero value 1: 585,relative zero value 2: 585,relative zero value 3: 585
relative zero value 1: 586,relative zero value 2: 586,relative zero value 3: 586
relative zero value 1: 587,relative zero value 2: 587,relative zero value 3: 587
relative zero value 1: 588,relative zero value 2: 588,relative zero value 3: 588
relative zero value 1: 589,relative zero value 2: 589,relative zero value 3: 589
relative zero value 1: 590,relative zero value 2: 590,relative zero value 3: 590
relative zero value 1: 591,relative zero value 2: 591,relative zero value 3: 591
relative zero value 1: 592,relative zero value 2: 592,relative zero value 3: 592
relative zero value 1: 593,relative zero value 2: 593,relative zero value 3: 593
relative zero value 1: 594,relative zero value 2: 594,relative zero value 3: 594
relative zero value 1: 595,relative zero value 2: 595,relative zero value 3: 595
relative zero value 1: 596,relative zero value 2: 596,relative zero value 3: 596
relative zero value 1: 597,relative zero value 2: 597,relative zero value 3: 597
relative zero value 1: 598,relative zero value 2: 598,relative zero value 3: 598
relative zero value 1: 599,relative zero value 2: 599,relative zero value 3: 599
relative zero value 1: 600,relative zero value 2: 600,relative zero value 3: 600
relative zero value 1: 601,relative zero value 2: 601,relative zero value 3: 601
relative zero value 1: 602,relative zero value 2: 602,relative zero value 3: 602
relative zero value 1: 603,relative zero value 2: 603,relative zero value 3: 603
relative zero value 1: 604,relative zero value 2: 604,relative zero value 3: 604
relative zero value 1: 605,relative zero value 2: 605,relative zero value 3: 605
relative zero value 1: 606,relative zero value 2: 606,relative zero value 3: 606
relative zero value 1: 607,relative zero value 2: 607,relative zero value 3: 607
relative zero value 1: 608,relative zero value 2: 608,relative zero value 3: 608
relative zero value 1: 609,relative zero value 2: 609,relative zero value 3: 609
relative zero value 1: 610,relative zero value 2: 610,relative zero value 3: 610
relative zero value 1: 611,relative zero value 2: 611,relative zero value 3: 611
relative zero value 1: 612,relative zero value 2: 612,relative zero value 3: 612
relative zero value 1: 613,relative zero value 2: 613,relative zero value 3: 613
relative zero value 1: 614,relative zero value 2: 614,relative zero value 3: 614
relative zero value 1: 615,relative zero value 2: 615,relative zero value 3: 615
relative zero value 1: 616,relative zero value 2: 616,relative zero value 3: 616
relative zero value 1: 617,relative zero value 2: 617,relative zero value 3: 617
relative zero value 1: 618,relative zero value 2: 618,relative zero value 3: 618
relative zero value 1: 619,relative zero value 2: 619,relative zero value 3: 619
relative zero value 1: 620,relative zero value 2: 620,relative zero value 3: 620
relative zero value 1: 621,relative zero value 2: 621,relative zero value 3: 621
relative zero value 1: 622,relative zero value 2: 622,relative zero value 3: 622
relative zero value 1: 623,relative zero value 2: 623,relative zero value 3: 623
relative zero value 1: 624,relative zero value 2: 624,relative zero value 3: 624
relative zero value 1: 625,relative zero value 2: 625,relative zero value 3: 625
relative zero value 1: 626,relative zero value 2: 626,relative zero value 3: 626
relative zero value 1: 627,relative zero value 2: 627,relative zero value 3: 627
relative zero value 1: 628,relative zero value 2: 628,relative zero value 3: 628
relative zero value 1: 629,relative zero value 2: 629,relative zero value 3: 629
relative zero value 1: 630,relative zero value 2: 630,relative zero value 3: 630
relative zero value 1: 631,relative zero value 2: 631,relative zero value 3: 631
relative zero value 1: 632,relative zero value 2: 632,relative zero value 3: 632
relative zero value 1: 633,relative zero value 2: 633,relative zero value 3: 633
relative zero value 1: 634,relative zero value 2: 634,relative zero value 3: 634
relative zero value 1: 635,relative zero value 2: 635,relative zero value 3: 635
relative zero value 1: 636,relative zero value 2: 636,relative zero value 3: 636
relative zero value 1: 637,relative zero value 2: 637,relative zero value 3: 637
relative zero value 1: 638,relative zero value 2: 638,relative zero value 3: 638
relative zero value 1: 639,relative zero value 2: 639,relative zero value 3: 639
relative zero value 1: 640,relative zero value 2: 640,relative zero value 3: 640
relative zero value 1: 641,relative zero value 2: 641,relative zero value 3: 641
relative zero value 1: 642,relative zero value 2: 642,relative zero value 3: 642
relative zero value 1: 643,relative zero value 2: 643,relative zero value 3: 643
relative zero value 1: 644,relative zero value 2: 644,relative zero value 3: 644
relative zero value 1: 645,relative zero value 2: 645,relative zero value 3: 645
relative zero value 1: 646,relative zero value 2: 646,relative zero value 3: 646
relative zero value 1: 647,relative zero value 2: 647,relative zero value 3: 647
relative zero value 1: 648,relative zero value 2: 648,relative zero value 3: 648
relative zero value 1: 649,relative zero value 2: 649,relative zero value 3: 649
relative zero value 1: 650,relative zero value 2: 650,relative zero value 3: 650
relative zero value 1: 651,relative zero value 2: 651,relative zero value 3: 651
relative zero value 1: 652,relative zero value 2: 652,relative zero value 3: 652
relative zero value 1: 653,relative zero value 2: 653,relative zero value 3: 653
relative zero value 1: 654,relative zero value 2: 654,relative zero value 3: 654
relative zero value 1: 655,relative zero value 2: 655,relative zero value 3: 655
relative zero value 1: 656,relative zero value 2: 656,relative zero value 3: 656
relative zero value 1: 657,relative zero value 2: 657,relative zero value 3: 657
relative zero value 1: 658,relative zero value 2: 658,relative zero value 3: 658
relative zero value 1: 659,relative zero value 2: 659,relative zero value 3: 659
relative zero value 1: 660,relative zero value 2: 660,relative zero value 3: 660
relative zero value 1: 661,relative zero value 2: 661,relative zero value 3: 661
relative zero value 1: 662,relative zero value 2: 662,relative zero value 3: 662
relative zero value 1: 663,relative zero value 2: 663,relative zero value 3: 663
relative zero value 1: 664,relative zero value 2: 664,relative zero value 3: 664
relative zero value 1: 665,relative zero value 2: 665,relative zero value 3: 665
relative zero value 1: 666,relative zero value 2: 666,relative zero value 3: 666
relative zero value 1: 667,relative zero value 2: 667,relative zero value 3: 667
relative zero value 1: 668,relative zero value 2: 668,relative zero value 3: 668
relative zero value 1: 669,relative zero value 2: 669,relative zero value 3: 669
relative zero value 1: 670,relative zero value 2: 670,relative zero value 3: 670
relative zero value 1: 671,relative zero value 2: 671,relative zero value 3: 671
relative zero value 1: 672,relative zero value 2: 672,relative zero value 3: 672
relative zero value 1: 673,relative zero value 2: 673,relative zero value 3: 673
relative zero value 1: 674,relative zero value 2: 674,relative zero value 3: 674
relative zero value 1: 675,relative zero value 2: 675,relative zero value 3: 675
relative zero value 1: 676,relative zero value 2: 676,relative zero value 3: 676
relative zero value 1: 677,relative zero value 2: 677,relative zero value 3: 677
relative zero value 1: 678,relative zero value 2: 678,relative zero value 3: 678
relative zero value 1: 679,relative zero value 2: 679,relative zero value 3: 679
relative zero value 1: 680,relative zero value 2: 680,relative zero value 3: 680
relative zero value 1: 681,relative zero value 2: 681,relative zero value 3: 681
relative zero value 1: 682,relative zero value 2: 682,relative zero value 3: 682
relative zero value 1: 683,relative zero value 2: 683,relative zero value 3: 683
relative zero value 1: 684,relative zero value 2: 684,relative zero value 3: 684
relative zero value 1: 685,relative zero value 2: 685,relative zero value 3: 685
relative zero value 1: 686,relative zero value 2: 686,relative zero value 3: 686
relative zero value 1: 687,relative zero value 2: 687,relative zero value 3: 687
relative zero value 1: 688,relative zero value 2: 688,relative zero value 3: 688
relative zero value 1: 689,relative zero value 2: 689,relative zero value 3: 689
relative zero value 1: 690,relative zero value 2: 690,relative zero value 3: 690
relative zero value 1: 691,relative zero value 2: 691,relative zero value 3: 691
relative zero value 1: 692,relative zero value 2: 692,relative zero value 3: 692
relative zero value 1: 693,relative zero value 2: 693,relative zero value 3: 693
relative zero value 1: 694,relative zero value 2: 694,relative zero value 3: 694
relative zero value 1: 695,relative zero value 2: 695,relative zero value 3: 695
relative zero value 1: 696,relative zero value 2: 696,relative zero value 3: 696
relative zero value 1: 697,relative zero value 2: 697,relative zero value 3: 697
relative zero value 1: 698,relative zero value 2: 698,relative zero value 3: 698
relative zero value 1: 699,relative zero value 2: 699,relative zero value 3: 699
relative zero value 1: 700,relative zero value 2: 700,relative zero value 3: 700
relative zero value 1: 701,relative zero value 2: 701,relative zero value 3: 701
relative zero value 1: 702,relative zero value 2: 702,relative zero value 3: 702
relative zero value 1: 703,relative zero value 2: 703,relative zero value 3: 703
relative zero value 1: 704,relative zero value 2: 704,relative zero value 3: 704
relative zero value 1: 705,relative zero value 2: 705,relative zero value 3: 705
relative zero value 1: 706,relative zero value 2: 706,relative zero value 3: 706
relative zero value 1: 707,relative zero value 2: 707,relative zero value 3: 707
relative zero value 1: 708,relative zero value 2: 708,relative zero value 3: 708
relative zero value 1: 709,relative zero value 2: 709,relative zero value 3: 709
relative zero value 1: 710,relative zero value 2: 710,relative zero value 3: 710
relative zero value 1: 711,relative zero value 2: 711,relative zero value 3: 711
relative zero value 1: 712,relative zero value 2: 712,relative zero value 3: 712
relative zero value 1: 713,relative zero value 2: 713,relative zero value 3: 713
relative zero value 1: 714,relative zero value 2: 714,relative zero value 3: 714
relative zero value 1: 715,relative zero value 2: 715,relative zero value 3: 715
relative zero value 1: 716,relative zero value 2: 716,relative zero value 3: 716
relative zero value 1: 717,relative zero value 2: 717,relative zero value 3: 717
relative zero value 1: 718,relative zero value 2: 718,relative zero value 3: 718
relative zero value 1: 719,relative zero value 2: 719,relative zero value 3: 719
relative zero value 1: 720,relative zero value 2: 720,relative zero value 3: 720
relative zero value 1: 721,relative zero value 2: 721,relative zero value 3: 721
relative zero value 1: 722,relative zero value 2: 722,relative zero value 3: 722
relative zero value 1: 723,relative zero value 2: 723,relative zero value 3: 723
relative zero value 1: 724,relative zero value 2: 724,relative zero value 3: 724
relative zero value 1: 725,relative zero value 2: 725,relative zero value 3: 725
relative zero value 1: 726,relative zero value 2: 726,relative zero value 3: 726
relative zero value 1: 727,relative zero value 2: 727,relative zero value 3: 727
relative zero value 1: 728,relative zero value 2: 728,relative zero value 3: 728
relative zero value 1: 729,relative zero value 2: 729,relative zero value 3: 729
relative zero value 1: 730,relative zero value 2: 730,relative zero value 3: 730
relative zero value 1: 731,relative zero value 2: 731,relative zero value 3: 731
relative zero value 1: 732,relative zero value 2: 732,relative zero value 3: 732
relative zero value 1: 733,relative zero value 2: 733,relative zero value 3: 733
relative zero value 1: 734,relative zero value 2: 734,relative zero value 3: 734
relative zero value 1: 735,relative zero value 2: 735,relative zero value 3: 735
relative zero value 1: 736,relative zero value 2: 736,relative zero value 3: 736
relative zero value 1: 737,relative zero value 2: 737,relative zero value 3: 737
relative zero value 1: 738,relative zero value 2: 738,relative zero value 3: 738
relative zero value 1: 739,relative zero value 2: 739,relative zero value 3: 739
relative zero value 1: 740,relative zero value 2: 740,relative zero value 3: 740
relative zero value 1: 741,relative zero value 2: 741,relative zero value 3: 741
relative zero value 1: 742,relative zero value 2: 742,relative zero value 3: 742
relative zero value 1: 743,relative zero value 2: 743,relative zero value 3: 743
relative zero value 1: 744,relative zero value 2: 744,relative zero value 3: 744
relative zero value 1: 745,relative zero value 2: 745,relative zero value 3: 745
relative zero value 1: 746,relative zero value 2: 746,relative zero value 3: 746
relative zero value 1: 747,relative zero value 2: 747,relative zero value 3: 747
relative zero value 1: 748,relative zero value 2: 748,relative zero value 3: 748
relative zero value 1: 749,relative zero value 2: 749,relative zero value 3: 749
relative zero value 1: 750,relative zero value 2: 750,relative zero value 3: 750
relative zero value 1: 751,relative zero value 2: 751,relative zero value 3: 751
relative zero value 1: 752,relative zero value 2: 752,relative zero value 3: 752
relative zero value 1: 753,relative zero value 2: 753,relative zero value 3: 753
relative zero value 1: 754,relative zero value 2: 754,relative zero value 3: 754
relative zero value 1: 755,relative zero value 2: 755,relative zero value 3: 755
relative zero value 1: 756,relative zero value 2: 756,relative zero value 3: 756
relative zero value 1: 757,relative zero value 2: 757,relative zero value 3: 757
relative zero value 1: 758,relative zero value 2: 758,relative zero value 3: 758
relative zero value 1: 759,relative zero value 2: 759,relative zero value 3: 759
relative zero value 1: 760,relative zero value 2: 760,relative zero value 3: 760
relative zero value 1: 761,relative zero value 2: 761,relative zero value 3: 761
relative zero value 1: 762,relative zero value 2: 762,relative zero value 3: 762
relative zero value 1: 763,relative zero value 2: 763,relative zero value 3: 763
relative zero value 1: 764,relative zero value 2: 764,relative zero value 3: 764
relative zero value 1: 765,relative zero value 2: 765,relative zero value 3: 765
relative zero value 1: 766,relative zero value 2: 766,relative zero value 3: 766
relative zero value 1: 767,relative zero value 2: 767,relative zero value 3: 767
relative zero value 1: 768,relative zero value 2: 768,relative zero value 3: 768
relative zero value 1: 769,relative zero value 2: 769,relative zero value 3: 769
relative zero value 1: 770,relative zero value 2: 770,relative zero value 3: 770
relative zero value 1: 771,relative zero value 2: 771,relative zero value 3: 771
relative zero value 1: 772,relative zero value 2: 772,relative zero value 3: 772
relative zero value 1: 773,relative zero value 2: 773,relative zero value 3: 773
relative zero value 1: 774,relative zero value 2: 774,relative zero value 3: 774
relative zero value 1: 775,relative zero value 2: 775,relative zero value 3: 775
relative zero value 1: 776,relative zero value 2: 776,relative zero value 3: 776
relative zero value 1: 777,relative zero value 2: 777,relative zero value 3: 777
relative zero value 1: 778,relative zero value 2: 778,relative zero value 3: 778
relative zero value 1: 779,relative zero value 2: 779,relative zero value 3: 779
relative zero value 1: 780,relative zero value 2: 780,relative zero value 3: 780
relative zero value 1: 781,relative zero value 2: 781,relative zero value 3: 781
relative zero value 1: 782,relative zero value 2: 782,relative zero value 3: 782
relative zero value 1: 783,relative zero value 2: 783,relative zero value 3: 783
relative zero value 1: 784,relative zero value 2: 784,relative zero value 3: 784
relative zero value 1: 785,relative zero value 2: 785,relative zero value 3: 785
relative zero value 1: 786,relative zero value 2: 786,relative zero value 3: 786
relative zero value 1: 787,relative zero value 2: 787,relative zero value 3: 787
relative zero value 1: 788,relative zero value 2: 788,relative zero value 3: 788
relative zero value 1: 789,relative zero value 2: 789,relative zero value 3: 789
relative zero value 1: 790,relative zero value 2: 790,relative zero value 3: 790
relative zero value 1: 791,relative zero value 2: 791,relative zero value 3: 791
relative zero value 1: 792,relative zero value 2: 792,relative zero value 3: 792
relative zero value 1: 793,relative zero value 2: 793,relative zero value 3: 793
relative zero value 1: 794,relative zero value 2: 794,relative zero value 3: 794
relative zero value 1: 795,relative zero value 2: 795,relative zero value 3: 795
relative zero value 1: 796,relative zero value 2: 796,relative zero value 3: 796
relative zero value 1: 797,relative zero value 2: 797,relative zero value 3: 797
relative zero value 1: 798,relative zero value 2: 798,relative zero value 3: 798
relative zero value 1: 799,relative zero value 2: 799,relative zero value 3: 799
relative zero value 1: 800,relative zero value 2: 800,relative zero value 3: 800
relative zero value 1: 801,relative zero value 2: 801,relative zero value 3: 801
relative zero value 1: 802,relative zero value 2: 802,relative zero value 3: 802
relative zero value 1: 803,relative zero value 2: 803,relative zero value 3: 803
relative zero value 1: 804,relative zero value 2: 804,relative zero value 3: 804
relative zero value 1: 805,relative zero value 2: 805,relative zero value 3: 805
relative zero value 1: 806,relative zero value 2: 806,relative zero value 3: 806
relative zero value 1: 807,relative zero value 2: 807,relative zero value 3: 807
relative zero value 1: 808,relative zero value 2: 808,relative zero value 3: 808
relative zero value 1: 809,relative zero value 2: 809,relative zero value 3: 809
relative zero value 1: 810,relative zero value 2: 810,relative zero value 3: 810
relative zero value 1: 811,relative zero value 2: 811,relative zero value 3: 811
relative zero value 1: 812,relative zero value 2: 812,relative zero value 3: 812
relative zero value 1: 813,relative zero value 2: 813,relative zero value 3: 813
relative zero value 1: 814,relative zero value 2: 814,relative zero value 3: 814
relative zero value 1: 815,relative zero value 2: 815,relative zero value 3: 815
relative zero value 1: 816,relative zero value 2: 816,relative zero value 3: 816
relative zero value 1: 817,relative zero value 2: 817,relative zero value 3: 817
relative zero value 1: 818,relative zero value 2: 818,relative zero value 3: 818
relative zero value 1: 819,relative zero value 2: 819,relative zero value 3: 819
relative zero value 1: 820,relative zero value 2: 820,relative zero value 3: 820
relative zero value 1: 821,relative zero value 2: 821,relative zero value 3: 821
relative zero value 1: 822,relative zero value 2: 822,relative zero value 3: 822
relative zero value 1: 823,relative zero value 2: 823,relative zero value 3: 823
relative zero value 1: 824,relative zero value 2: 824,relative zero value 3: 824
relative zero value 1: 825,relative zero value 2: 825,relative zero value 3: 825
relative zero value 1: 826,relative zero value 2: 826,relative zero value 3: 826
relative zero value 1: 827,relative zero value 2: 827,relative zero value 3: 827
relative zero value 1: 828,relative zero value 2: 828,relative zero value 3: 828
relative zero value 1: 829,relative zero value 2: 829,relative zero value 3: 829
relative zero value 1: 830,relative zero value 2: 830,relative zero value 3: 830
relative zero value 1: 831,relative zero value 2: 831,relative zero value 3: 831
relative zero value 1: 832,relative zero value 2: 832,relative zero value 3: 832
relative zero value 1: 833,relative zero value 2: 833,relative zero value 3: 833
relative zero value 1: 834,relative zero value 2: 834,relative zero value 3: 834
relative zero value 1: 835,relative zero value 2: 835,relative zero value 3: 835
relative zero value 1: 836,relative zero value 2: 836,relative zero value 3: 836
relative zero value 1: 837,relative zero value 2: 837,relative zero value 3: 837
relative zero value 1: 838,relative zero value 2: 838,relative zero value 3: 838
relative zero value 1: 839,relative zero value 2: 839,relative zero value 3: 839
relative zero value 1: 840,relative zero value 2: 840,relative zero value 3: 840
relative zero value 1: 841,relative zero value 2: 841,relative zero value 3: 841
relative zero value 1: 842,relative zero value 2: 842,relative zero value 3: 842
relative zero value 1: 843,relative zero value 2: 843,relative zero value 3: 843
relative zero value 1: 844,relative zero value 2: 844,relative zero value 3: 844
relative zero value 1: 845,relative zero value 2: 845,relative zero value 3: 845
relative zero value 1: 846,relative zero value 2: 846,relative zero value 3: 846
relative zero value 1: 847,relative zero value 2: 847,relative zero value 3: 847
relative zero value 1: 848,relative zero value 2: 848,relative zero value 3: 848
relative zero value 1: 849,relative zero value 2: 849,relative zero value 3: 849
relative zero value 1: 850,relative zero value 2: 850,relative zero value 3: 850
relative zero value 1: 851,relative zero value 2: 851,relative zero value 3: 851
relative zero value 1: 852,relative zero value 2: 852,relative zero value 3: 852
relative zero value 1: 853,relative zero value 2: 853,relative zero value 3: 853
relative zero value 1: 854,relative zero value 2: 854,relative zero value 3: 854
relative zero value 1: 855,relative zero value 2: 855,relative zero value 3: 855
relative zero value 1: 856,relative zero value 2: 856,relative zero value 3: 856
relative zero value 1: 857,relative zero value 2: 857,relative zero value 3: 857
relative zero value 1: 858,relative zero value 2: 858,relative zero value 3: 858
relative zero value 1: 859,relative zero value 2: 859,relative zero value 3: 859
relative zero value 1: 860,relative zero value 2: 860,relative zero value 3: 860
relative zero value 1: 861,relative zero value 2: 861,relative zero value 3: 861
relative zero value 1: 862,relative zero value 2: 862,relative zero value 3: 862
relative zero value 1: 863,relative zero value 2: 863,relative zero value 3: 863
relative zero value 1: 864,relative zero value 2: 864,relative zero value 3: 864
relative zero value 1: 865,relative zero value 2: 865,relative zero value 3: 865
relative zero value 1: 866,relative zero value 2: 866,relative zero value 3: 866
relative zero value 1: 867,relative zero value 2: 867,relative zero value 3: 867
relative zero value 1: 868,relative zero value 2: 868,relative zero value 3: 868
relative zero value 1: 869,relative zero value 2: 869,relative zero value 3: 869
relative zero value 1: 870,relative zero value 2: 870,relative zero value 3: 870
relative zero value 1: 871,relative zero value 2: 871,relative zero value 3: 871
relative zero value 1: 872,relative zero value 2: 872,relative zero value 3: 872
relative zero value 1: 873,relative zero value 2: 873,relative zero value 3: 873
relative zero value 1: 874,relative zero value 2: 874,relative zero value 3: 874
relative zero value 1: 875,relative zero value 2: 875,relative zero value 3: 875
relative zero value 1: 876,relative zero value 2: 876,relative zero value 3: 876
relative zero value 1: 877,relative zero value 2: 877,relative zero value 3: 877
relative zero value 1: 878,relative zero value 2: 878,relative zero value 3: 878
relative zero value 1: 879,relative zero value 2: 879,relative zero value 3: 879
relative zero value 1: 880,relative zero value 2: 880,relative zero value 3: 880
relative zero value 1: 881,relative zero value 2: 881,relative zero value 3: 881
relative zero value 1: 882,relative zero value 2: 882,relative zero value 3: 882
relative zero value 1: 883,relative zero value 2: 883,relative zero value 3: 883
relative zero value 1: 884,relative zero value 2: 884,relative zero value 3: 884
relative zero value 1: 885,relative zero value 2: 885,relative zero value 3: 885
relative zero value 1: 886,relative zero value 2: 886,relative zero value 3: 886
relative zero value 1: 887,relative zero value 2: 887,relative zero value 3: 887
relative zero value 1: 888,relative zero value 2: 888,relative zero value 3: 888
relative zero value 1: 889,relative zero value 2: 889,relative zero value 3: 889
relative zero value 1: 890,relative zero value 2: 890,relative zero value 3: 890
relative zero value 1: 891,relative zero value 2: 891,relative zero value 3: 891
relative zero value 1: 892,relative zero value 2: 892,relative zero value 3: 892
relative zero value 1: 893,relative zero value 2: 893,relative zero value 3: 893
relative zero value 1: 894,relative zero value 2: 894,relative zero value 3: 894
relative zero value 1: 895,relative zero value 2: 895,relative zero value 3: 895
relative zero value 1: 896,relative zero value 2: 896,relative zero value 3: 896
relative zero value 1: 897,relative zero value 2: 897,relative zero value 3: 897
relative zero value 1: 898,relative zero value 2: 898,relative zero value 3: 898
relative zero value 1: 899,relative zero value 2: 899,relative zero value 3: 899
relative zero value 1: 900,relative zero value 2: 900,relative zero value 3: 900
relative zero value 1: 901,relative zero value 2: 901,relative zero value 3: 901
relative zero value 1: 902,relative zero value 2: 902,relative zero value 3: 902
relative zero value 1: 903,relative zero value 2: 903,relative zero value 3: 903
relative zero value 1: 904,relative zero value 2: 904,relative zero value 3: 904
relative zero value 1: 905,relative zero value 2: 905,relative zero value 3: 905
relative zero value 1: 906,relative zero value 2: 906,relative zero value 3: 906
relative zero value 1: 907,relative zero value 2: 907,relative zero value 3: 907
relative zero value 1: 908,relative zero value 2: 908,relative zero value 3: 908
relative zero value 1: 909,relative zero value 2: 909,relative zero value 3: 909
relative zero value 1: 910,relative zero value 2: 910,relative zero value 3: 910
relative zero value 1: 911,relative zero value 2: 911,relative zero value 3: 911
relative zero value 1: 912,relative zero value 2: 912,relative zero value 3: 912
relative zero value 1: 913,relative zero value 2: 913,relative zero value 3: 913
relative zero value 1: 914,relative zero value 2: 914,relative zero value 3: 914
relative zero value 1: 915,relative zero value 2: 915,relative zero value 3: 915
relative zero value 1: 916,relative zero value 2: 916,relative zero value 3: 916
relative zero value 1: 917,relative zero value 2: 917,relative zero value 3: 917
relative zero value 1: 918,relative zero value 2: 918,relative zero value 3: 918
relative zero value 1: 919,relative zero value 2: 919,relative zero value 3: 919
relative zero value 1: 920,relative zero value 2: 920,relative zero value 3: 920
relative zero value 1: 921,relative zero value 2: 921,relative zero value 3: 921
relative zero value 1: 922,relative zero value 2: 922,relative zero value 3: 922
relative zero value 1: 923,relative zero value 2: 923,relative zero value 3: 923
relative zero value 1: 924,relative zero value 2: 924,relative zero value 3: 924
relative zero value 1: 925,relative zero value 2: 925,relative zero value 3: 925
relative zero value 1: 926,relative zero value 2: 926,relative zero value 3: 926
relative zero value 1: 927,relative zero value 2: 927,relative zero value 3: 927
relative zero value 1: 928,relative zero value 2: 928,relative zero value 3: 928
relative zero value 1: 929,relative zero value 2: 929,relative zero value 3: 929
relative zero value 1: 930,relative zero value 2: 930,relative zero value 3: 930
relative zero value 1: 931,relative zero value 2: 931,relative zero value 3: 931
relative zero value 1: 932,relative zero value 2: 932,relative zero value 3: 932
relative zero value 1: 933,relative zero value 2: 933,relative zero value 3: 933
relative zero value 1: 934,relative zero value 2: 934,relative zero value 3: 934
relative zero value 1: 935,relative zero value 2: 935,relative zero value 3: 935
relative zero value 1: 936,relative zero value 2: 936,relative zero value 3: 936
relative zero value 1: 937,relative zero value 2: 937,relative zero value 3: 937
relative zero value 1: 938,relative zero value 2: 938,relative zero value 3: 938
relative zero value 1: 939,relative zero value 2: 939,relative zero value 3: 939
relative zero value 1: 940,relative zero value 2: 940,relative zero value 3: 940
relative zero value 1: 941,relative zero value 2: 941,relative zero value 3: 941
relative zero value 1: 942,relative zero value 2: 942,relative zero value 3: 942
relative zero value 1: 943,relative zero value 2: 943,relative zero value 3: 943
relative zero value 1: 944,relative zero value 2: 944,relative zero value 3: 944
relative zero value 1: 945,relative zero value 2: 945,relative zero value 3: 945
relative zero value 1: 946,relative zero value 2: 946,relative zero value 3: 946
relative zero value 1: 947,relative zero value 2: 947,relative zero value 3: 947
relative zero value 1: 948,relative zero value 2: 948,relative zero value 3: 948
relative zero value 1: 949,relative zero value 2: 949,relative zero value 3: 949
relative zero value 1: 950,relative zero value 2: 950,relative zero value 3: 950
relative zero value 1: 951,relative zero value 2: 951,relative zero value 3: 951
relative zero value 1: 952,relative zero value 2: 952,relative zero value 3: 952
relative zero value 1: 953,relative zero value 2: 953,relative zero value 3: 953
relative zero value 1: 954,relative zero value 2: 954,relative zero value 3: 954
relative zero value 1: 955,relative zero value 2: 955,relative zero value 3: 955
relative zero value 1: 956,relative zero value 2: 956,relative zero value 3: 956
relative zero value 1: 957,relative zero value 2: 957,relative zero value 3: 957
relative zero value 1: 958,relative zero value 2: 958,relative zero value 3: 958
relative zero value 1: 959,relative zero value 2: 959,relative zero value 3: 959
relative zero value 1: 960,relative zero value 2: 960,relative zero value 3: 960
relative zero value 1: 961,relative zero value 2: 961,relative zero value 3: 961
relative zero value 1: 962,relative zero value 2: 962,relative zero value 3: 962
relative zero value 1: 963,relative zero value 2: 963,relative zero value 3: 963
relative zero value 1: 964,relative zero value 2: 964,relative zero value 3: 964
relative zero value 1: 965,relative zero value 2: 965,relative zero value 3: 965
relative zero value 1: 966,relative zero value 2: 966,relative zero value 3: 966
relative zero value 1: 967,relative zero value 2: 967,relative zero value 3: 967
relative zero value 1: 968,relative zero value 2: 968,relative zero value 3: 968
relative zero value 1: 969,relative zero value 2: 969,relative zero value 3: 969
relative zero value 1: 970,relative zero value 2: 970,relative zero value 3: 970
relative zero value 1: 971,relative zero value 2: 971,relative zero value 3: 971
relative zero value 1: 972,relative zero value 2: 972,relative zero value 3: 972
relative zero value 1: 973,relative zero value 2: 973,relative zero value 3: 973
relative zero value 1: 974,relative zero value 2: 974,relative zero value 3: 974
relative zero value 1: 975,relative zero value 2: 975,relative zero value 3: 975
relative zero value 1: 976,relative zero value 2: 976,relative zero value 3: 976
relative zero value 1: 977,relative zero value 2: 977,relative zero value 3: 977
relative zero value 1: 978,relative zero value 2: 978,relative zero value 3: 978
relative zero value 1: 979,relative zero value 2: 979,relative zero value 3: 979
relative zero value 1: 980,relative zero value 2: 980,relative zero value 3: 980
relative zero value 1: 981,relative zero value 2: 981,relative zero value 3: 981
relative zero value 1: 982,relative zero value 2: 982,relative zero value 3: 982
relative zero value 1: 983,relative zero value 2: 983,relative zero value 3: 983
relative zero value 1: 984,relative zero value 2: 984,relative zero value 3: 984
relative zero value 1: 985,relative zero value 2: 985,relative zero value 3: 985
relative zero value 1: 986,relative zero value 2: 986,relative zero value 3: 986
relative zero value 1: 987,relative zero value 2: 987,relative zero value 3: 987
relative zero value 1: 988,relative zero value 2: 988,relative zero value 3: 988
relative zero value 1: 989,relative zero value 2: 989,relative zero value 3: 989
relative zero value 1: 990,relative zero value 2: 990,relative zero value 3: 990
relative zero value 1: 991,relative zero value 2: 991,relative zero value 3: 991
relative zero value 1: 992,relative zero value 2: 992,relative zero value 3: 992
relative zero value 1: 993,relative zero value 2: 993,relative zero value 3: 993
relative zero value 1: 994,relative zero value 2: 994,relative zero value 3: 994
relative zero value 1: 995,relative zero value 2: 995,relative zero value 3: 995
relative zero value 1: 996,relative zero value 2: 996,relative zero value 3: 996
relative zero value 1: 997,relative zero value 2: 997,relative zero value 3: 997
relative zero value 1: 998,relative zero value 2: 998,relative zero value 3: 998
relative zero value 1: 999,relative zero value 2: 999,relative zero value 3: 999
