absolute zero value 1: 0,absolute zero value 2: 0,absolute zero value 3: 0
absolute zero value 1: 1,absolute zero value 2: 1,absolute zero value 3: 1
absolute zero value 1: 2,absolute zero value 2: 2,absolute zero value 3: 2
absolute zero value 1: 3,absolute zero value 2: 3,absolute zero value 3: 3
absolute zero value 1: 4,absolute zero value 2: 4,absolute zero value 3: 4
absolute zero value 1: 5,absolute zero value 2: 5,absolute zero value 3: 5
absolute zero value 1: 6,absolute zero value 2: 6,absolute zero value 3: 6
absolute zero value 1: 7,absolute zero value 2: 7,absolute zero value 3: 7
absolute zero value 1: 8,absolute zero value 2: 8,absolute zero value 3: 8
absolute zero value 1: 9,absolute zero value 2: 9,absolute zero value 3: 9
absolute zero value 1: 10,absolute zero value 2: 10,absolute zero value 3: 10
absolute zero value 1: 11,absolute zero value 2: 11,absolute zero value 3: 11
absolute zero value 1: 12,absolute zero value 2: 12,absolute zero value 3: 12
absolute zero value 1: 13,absolute zero value 2: 13,absolute zero value 3: 13
absolute zero value 1: 14,absolute zero value 2: 14,absolute zero value 3: 14
absolute zero value 1: 15,absolute zero value 2: 15,absolute zero value 3: 15
absolute zero value 1: 16,absolute zero value 2: 16,absolute zero value 3: 16
absolute zero value 1: 17,absolute zero value 2: 17,absolute zero value 3: 17
absolute zero value 1: 18,absolute zero value 2: 18,absolute zero value 3: 18
absolute zero value 1: 19,absolute zero value 2: 19,absolute zero value 3: 19
absolute zero value 1: 20,absolute zero value 2: 20,absolute zero value 3: 20
absolute zero value 1: 21,absolute zero value 2: 21,absolute zero value 3: 21
absolute zero value 1: 22,absolute zero value 2: 22,absolute zero value 3: 22
absolute zero value 1: 23,absolute zero value 2: 23,absolute zero value 3: 23
absolute zero value 1: 24,absolute zero value 2: 24,absolute zero value 3: 24
absolute zero value 1: 25,absolute zero value 2: 25,absolute zero value 3: 25
absolute zero value 1: 26,absolute zero value 2: 26,absolute zero value 3: 26
absolute zero value 1: 27,absolute zero value 2: 27,absolute zero value 3: 27
absolute zero value 1: 28,absolute zero value 2: 28,absolute zero value 3: 28
absolute zero value 1: 29,absolute zero value 2: 29,absolute zero value 3: 29
absolute zero value 1: 30,absolute zero value 2: 30,absolute zero value 3: 30
absolute zero value 1: 31,absolute zero value 2: 31,absolute zero value 3: 31
absolute zero value 1: 32,absolute zero value 2: 32,absolute zero value 3: 32
absolute zero value 1: 33,absolute zero value 2: 33,absolute zero value 3: 33
absolute zero value 1: 34,absolute zero value 2: 34,absolute zero value 3: 34
absolute zero value 1: 35,absolute zero value 2: 35,absolute zero value 3: 35
absolute zero value 1: 36,absolute zero value 2: 36,absolute zero value 3: 36
absolute zero value 1: 37,absolute zero value 2: 37,absolute zero value 3: 37
absolute zero value 1: 38,absolute zero value 2: 38,absolute zero value 3: 38
absolute zero value 1: 39,absolute zero value 2: 39,absolute zero value 3: 39
absolute zero value 1: 40,absolute zero value 2: 40,absolute zero value 3: 40
absolute zero value 1: 41,absolute zero value 2: 41,absolute zero value 3: 41
absolute zero value 1: 42,absolute zero value 2: 42,absolute zero value 3: 42
absolute zero value 1: 43,absolute zero value 2: 43,absolute zero value 3: 43
absolute zero value 1: 44,absolute zero value 2: 44,absolute zero value 3: 44
absolute zero value 1: 45,absolute zero value 2: 45,absolute zero value 3: 45
absolute zero value 1: 46,absolute zero value 2: 46,absolute zero value 3: 46
absolute zero value 1: 47,absolute zero value 2: 47,absolute zero value 3: 47
absolute zero value 1: 48,absolute zero value 2: 48,absolute zero value 3: 48
absolute zero value 1: 49,absolute zero value 2: 49,absolute zero value 3: 49
absolute zero value 1: 50,absolute zero value 2: 50,absolute zero value 3: 50
absolute zero value 1: 51,absolute zero value 2: 51,absolute zero value 3: 51
absolute zero value 1: 52,absolute zero value 2: 52,absolute zero value 3: 52
absolute zero value 1: 53,absolute zero value 2: 53,absolute zero value 3: 53
absolute zero value 1: 54,absolute zero value 2: 54,absolute zero value 3: 54
absolute zero value 1: 55,absolute zero value 2: 55,absolute zero value 3: 55
absolute zero value 1: 56,absolute zero value 2: 56,absolute zero value 3: 56
absolute zero value 1: 57,absolute zero value 2: 57,absolute zero value 3: 57
absolute zero value 1: 58,absolute zero value 2: 58,absolute zero value 3: 58
absolute zero value 1: 59,absolute zero value 2: 59,absolute zero value 3: 59
absolute zero value 1: 60,absolute zero value 2: 60,absolute zero value 3: 60
absolute zero value 1: 61,absolute zero value 2: 61,absolute zero value 3: 61
absolute zero value 1: 62,absolute zero value 2: 62,absolute zero value 3: 62
absolute zero value 1: 63,absolute zero value 2: 63,absolute zero value 3: 63
absolute zero value 1: 64,absolute zero value 2: 64,absolute zero value 3: 64
absolute zero value 1: 65,absolute zero value 2: 65,absolute zero value 3: 65
absolute zero value 1: 66,absolute zero value 2: 66,absolute zero value 3: 66
absolute zero value 1: 67,absolute zero value 2: 67,absolute zero value 3: 67
absolute zero value 1: 68,absolute zero value 2: 68,absolute zero value 3: 68
absolute zero value 1: 69,absolute zero value 2: 69,absolute zero value 3: 69
absolute zero value 1: 70,absolute zero value 2: 70,absolute zero value 3: 70
absolute zero value 1: 71,absolute zero value 2: 71,absolute zero value 3: 71
absolute zero value 1: 72,absolute zero value 2: 72,absolute zero value 3: 72
absolute zero value 1: 73,absolute zero value 2: 73,absolute zero value 3: 73
absolute zero value 1: 74,absolute zero value 2: 74,absolute zero value 3: 74
absolute zero value 1: 75,absolute zero value 2: 75,absolute zero value 3: 75
absolute zero value 1: 76,absolute zero value 2: 76,absolute zero value 3: 76
absolute zero value 1: 77,absolute zero value 2: 77,absolute zero value 3: 77
absolute zero value 1: 78,absolute zero value 2: 78,absolute zero value 3: 78
absolute zero value 1: 79,absolute zero value 2: 79,absolute zero value 3: 79
absolute zero value 1: 80,absolute zero value 2: 80,absolute zero value 3: 80
absolute zero value 1: 81,absolute zero value 2: 81,absolute zero value 3: 81
absolute zero value 1: 82,absolute zero value 2: 82,absolute zero value 3: 82
absolute zero value 1: 83,absolute zero value 2: 83,absolute zero value 3: 83
absolute zero value 1: 84,absolute zero value 2: 84,absolute zero value 3: 84
absolute zero value 1: 85,absolute zero value 2: 85,absolute zero value 3: 85
absolute zero value 1: 86,absolute zero value 2: 86,absolute zero value 3: 86
absolute zero value 1: 87,absolute zero value 2: 87,absolute zero value 3: 87
absolute zero value 1: 88,absolute zero value 2: 88,absolute zero value 3: 88
absolute zero value 1: 89,absolute zero value 2: 89,absolute zero value 3: 89
absolute zero value 1: 90,absolute zero value 2: 90,absolute zero value 3: 90
absolute zero value 1: 91,absolute zero value 2: 91,absolute zero value 3: 91
absolute zero value 1: 92,absolute zero value 2: 92,absolute zero value 3: 92
absolute zero value 1: 93,absolute zero value 2: 93,absolute zero value 3: 93
absolute zero value 1: 94,absolute zero value 2: 94,absolute zero value 3: 94
absolute zero value 1: 95,absolute zero value 2: 95,absolute zero value 3: 95
absolute zero value 1: 96,absolute zero value 2: 96,absolute zero value 3: 96
absolute zero value 1: 97,absolute zero value 2: 97,absolute zero value 3: 97
absolute zero value 1: 98,absolute zero value 2: 98,absolute zero value 3: 98
absolute zero value 1: 99,absolute zero value 2: 99,absolute zero value 3: 99
absolute zero value 1: 100,absolute zero value 2: 100,absolute zero value 3: 100
absolute zero value 1: 101,absolute zero value 2: 101,absolute zero value 3: 101
absolute zero value 1: 102,absolute zero value 2: 102,absolute zero value 3: 102
absolute zero value 1: 103,absolute zero value 2: 103,absolute zero value 3: 103
absolute zero value 1: 104,absolute zero value 2: 104,absolute zero value 3: 104
absolute zero value 1: 105,absolute zero value 2: 105,absolute zero value 3: 105
absolute zero value 1: 106,absolute zero value 2: 106,absolute zero value 3: 106
absolute zero value 1: 107,absolute zero value 2: 107,absolute zero value 3: 107
absolute zero value 1: 108,absolute zero value 2: 108,absolute zero value 3: 108
absolute zero value 1: 109,absolute zero value 2: 109,absolute zero value 3: 109
absolute zero value 1: 110,absolute zero value 2: 110,absolute zero value 3: 110
absolute zero value 1: 111,absolute zero value 2: 111,absolute zero value 3: 111
absolute zero value 1: 112,absolute zero value 2: 112,absolute zero value 3: 112
absolute zero value 1: 113,absolute zero value 2: 113,absolute zero value 3: 113
absolute zero value 1: 114,absolute zero value 2: 114,absolute zero value 3: 114
absolute zero value 1: 115,absolute zero value 2: 115,absolute zero value 3: 115
absolute zero value 1: 116,absolute zero value 2: 116,absolute zero value 3: 116
absolute zero value 1: 117,absolute zero value 2: 117,absolute zero value 3: 117
absolute zero value 1: 118,absolute zero value 2: 118,absolute zero value 3: 118
absolute zero value 1: 119,absolute zero value 2: 119,absolute zero value 3: 119
absolute zero value 1: 120,absolute zero value 2: 120,absolute zero value 3: 120
absolute zero value 1: 121,absolute zero value 2: 121,absolute zero value 3: 121
absolute zero value 1: 122,absolute zero value 2: 122,absolute zero value 3: 122
absolute zero value 1: 123,absolute zero value 2: 123,absolute zero value 3: 123
absolute zero value 1: 124,absolute zero value 2: 124,absolute zero value 3: 124
absolute zero value 1: 125,absolute zero value 2: 125,absolute zero value 3: 125
absolute zero value 1: 126,absolute zero value 2: 126,absolute zero value 3: 126
absolute zero value 1: 127,absolute zero value 2: 127,absolute zero value 3: 127
absolute zero value 1: 128,absolute zero value 2: 128,absolute zero value 3: 128
absolute zero value 1: 129,absolute zero value 2: 129,absolute zero value 3: 129
absolute zero value 1: 130,absolute zero value 2: 130,absolute zero value 3: 130
absolute zero value 1: 131,absolute zero value 2: 131,absolute zero value 3: 131
absolute zero value 1: 132,absolute zero value 2: 132,absolute zero value 3: 132
absolute zero value 1: 133,absolute zero value 2: 133,absolute zero value 3: 133
absolute zero value 1: 134,absolute zero value 2: 134,absolute zero value 3: 134
absolute zero value 1: 135,absolute zero value 2: 135,absolute zero value 3: 135
absolute zero value 1: 136,absolute zero value 2: 136,absolute zero value 3: 136
absolute zero value 1: 137,absolute zero value 2: 137,absolute zero value 3: 137
absolute zero value 1: 138,absolute zero value 2: 138,absolute zero value 3: 138
absolute zero value 1: 139,absolute zero value 2: 139,absolute zero value 3: 139
absolute zero value 1: 140,absolute zero value 2: 140,absolute zero value 3: 140
absolute zero value 1: 141,absolute zero value 2: 141,absolute zero value 3: 141
absolute zero value 1: 142,absolute zero value 2: 142,absolute zero value 3: 142
absolute zero value 1: 143,absolute zero value 2: 143,absolute zero value 3: 143
absolute zero value 1: 144,absolute zero value 2: 144,absolute zero value 3: 144
absolute zero value 1: 145,absolute zero value 2: 145,absolute zero value 3: 145
absolute zero value 1: 146,absolute zero value 2: 146,absolute zero value 3: 146
absolute zero value 1: 147,absolute zero value 2: 147,absolute zero value 3: 147
absolute zero value 1: 148,absolute zero value 2: 148,absolute zero value 3: 148
absolute zero value 1: 149,absolute zero value 2: 149,absolute zero value 3: 149
absolute zero value 1: 150,absolute zero value 2: 150,absolute zero value 3: 150
absolute zero value 1: 151,absolute zero value 2: 151,absolute zero value 3: 151
absolute zero value 1: 152,absolute zero value 2: 152,absolute zero value 3: 152
absolute zero value 1: 153,absolute zero value 2: 153,absolute zero value 3: 153
absolute zero value 1: 154,absolute zero value 2: 154,absolute zero value 3: 154
absolute zero value 1: 155,absolute zero value 2: 155,absolute zero value 3: 155
absolute zero value 1: 156,absolute zero value 2: 156,absolute zero value 3: 156
absolute zero value 1: 157,absolute zero value 2: 157,absolute zero value 3: 157
absolute zero value 1: 158,absolute zero value 2: 158,absolute zero value 3: 158
absolute zero value 1: 159,absolute zero value 2: 159,absolute zero value 3: 159
absolute zero value 1: 160,absolute zero value 2: 160,absolute zero value 3: 160
absolute zero value 1: 161,absolute zero value 2: 161,absolute zero value 3: 161
absolute zero value 1: 162,absolute zero value 2: 162,absolute zero value 3: 162
absolute zero value 1: 163,absolute zero value 2: 163,absolute zero value 3: 163
absolute zero value 1: 164,absolute zero value 2: 164,absolute zero value 3: 164
absolute zero value 1: 165,absolute zero value 2: 165,absolute zero value 3: 165
absolute zero value 1: 166,absolute zero value 2: 166,absolute zero value 3: 166
absolute zero value 1: 167,absolute zero value 2: 167,absolute zero value 3: 167
absolute zero value 1: 168,absolute zero value 2: 168,absolute zero value 3: 168
absolute zero value 1: 169,absolute zero value 2: 169,absolute zero value 3: 169
absolute zero value 1: 170,absolute zero value 2: 170,absolute zero value 3: 170
absolute zero value 1: 171,absolute zero value 2: 171,absolute zero value 3: 171
absolute zero value 1: 172,absolute zero value 2: 172,absolute zero value 3: 172
absolute zero value 1: 173,absolute zero value 2: 173,absolute zero value 3: 173
absolute zero value 1: 174,absolute zero value 2: 174,absolute zero value 3: 174
absolute zero value 1: 175,absolute zero value 2: 175,absolute zero value 3: 175
absolute zero value 1: 176,absolute zero value 2: 176,absolute zero value 3: 176
absolute zero value 1: 177,absolute zero value 2: 177,absolute zero value 3: 177
absolute zero value 1: 178,absolute zero value 2: 178,absolute zero value 3: 178
absolute zero value 1: 179,absolute zero value 2: 179,absolute zero value 3: 179
absolute zero value 1: 180,absolute zero value 2: 180,absolute zero value 3: 180
absolute zero value 1: 181,absolute zero value 2: 181,absolute zero value 3: 181
absolute zero value 1: 182,absolute zero value 2: 182,absolute zero value 3: 182
absolute zero value 1: 183,absolute zero value 2: 183,absolute zero value 3: 183
absolute zero value 1: 184,absolute zero value 2: 184,absolute zero value 3: 184
absolute zero value 1: 185,absolute zero value 2: 185,absolute zero value 3: 185
absolute zero value 1: 186,absolute zero value 2: 186,absolute zero value 3: 186
absolute zero value 1: 187,absolute zero value 2: 187,absolute zero value 3: 187
absolute zero value 1: 188,absolute zero value 2: 188,absolute zero value 3: 188
absolute zero value 1: 189,absolute zero value 2: 189,absolute zero value 3: 189
absolute zero value 1: 190,absolute zero value 2: 190,absolute zero value 3: 190
absolute zero value 1: 191,absolute zero value 2: 191,absolute zero value 3: 191
absolute zero value 1: 192,absolute zero value 2: 192,absolute zero value 3: 192
absolute zero value 1: 193,absolute zero value 2: 193,absolute zero value 3: 193
absolute zero value 1: 194,absolute zero value 2: 194,absolute zero value 3: 194
absolute zero value 1: 195,absolute zero value 2: 195,absolute zero value 3: 195
absolute zero value 1: 196,absolute zero value 2: 196,absolute zero value 3: 196
absolute zero value 1: 197,absolute zero value 2: 197,absolute zero value 3: 197
absolute zero value 1: 198,absolute zero value 2: 198,absolute zero value 3: 198
absolute zero value 1: 199,absolute zero value 2: 199,absolute zero value 3: 199
absolute zero value 1: 200,absolute zero value 2: 200,absolute zero value 3: 200
absolute zero value 1: 201,absolute zero value 2: 201,absolute zero value 3: 201
absolute zero value 1: 202,absolute zero value 2: 202,absolute zero value 3: 202
absolute zero value 1: 203,absolute zero value 2: 203,absolute zero value 3: 203
absolute zero value 1: 204,absolute zero value 2: 204,absolute zero value 3: 204
absolute zero value 1: 205,absolute zero value 2: 205,absolute zero value 3: 205
absolute zero value 1: 206,absolute zero value 2: 206,absolute zero value 3: 206
absolute zero value 1: 207,absolute zero value 2: 207,absolute zero value 3: 207
absolute zero value 1: 208,absolute zero value 2: 208,absolute zero value 3: 208
absolute zero value 1: 209,absolute zero value 2: 209,absolute zero value 3: 209
absolute zero value 1: 210,absolute zero value 2: 210,absolute zero value 3: 210
absolute zero value 1: 211,absolute zero value 2: 211,absolute zero value 3: 211
absolute zero value 1: 212,absolute zero value 2: 212,absolute zero value 3: 212
absolute zero value 1: 213,absolute zero value 2: 213,absolute zero value 3: 213
absolute zero value 1: 214,absolute zero value 2: 214,absolute zero value 3: 214
absolute zero value 1: 215,absolute zero value 2: 215,absolute zero value 3: 215
absolute zero value 1: 216,absolute zero value 2: 216,absolute zero value 3: 216
absolute zero value 1: 217,absolute zero value 2: 217,absolute zero value 3: 217
absolute zero value 1: 218,absolute zero value 2: 218,absolute zero value 3: 218
absolute zero value 1: 219,absolute zero value 2: 219,absolute zero value 3: 219
absolute zero value 1: 220,absolute zero value 2: 220,absolute zero value 3: 220
absolute zero value 1: 221,absolute zero value 2: 221,absolute zero value 3: 221
absolute zero value 1: 222,absolute zero value 2: 222,absolute zero value 3: 222
absolute zero value 1: 223,absolute zero value 2: 223,absolute zero value 3: 223
absolute zero value 1: 224,absolute zero value 2: 224,absolute zero value 3: 224
absolute zero value 1: 225,absolute zero value 2: 225,absolute zero value 3: 225
absolute zero value 1: 226,absolute zero value 2: 226,absolute zero value 3: 226
absolute zero value 1: 227,absolute zero value 2: 227,absolute zero value 3: 227
absolute zero value 1: 228,absolute zero value 2: 228,absolute zero value 3: 228
absolute zero value 1: 229,absolute zero value 2: 229,absolute zero value 3: 229
absolute zero value 1: 230,absolute zero value 2: 230,absolute zero value 3: 230
absolute zero value 1: 231,absolute zero value 2: 231,absolute zero value 3: 231
absolute zero value 1: 232,absolute zero value 2: 232,absolute zero value 3: 232
absolute zero value 1: 233,absolute zero value 2: 233,absolute zero value 3: 233
absolute zero value 1: 234,absolute zero value 2: 234,absolute zero value 3: 234
absolute zero value 1: 235,absolute zero value 2: 235,absolute zero value 3: 235
absolute zero value 1: 236,absolute zero value 2: 236,absolute zero value 3: 236
absolute zero value 1: 237,absolute zero value 2: 237,absolute zero value 3: 237
absolute zero value 1: 238,absolute zero value 2: 238,absolute zero value 3: 238
absolute zero value 1: 239,absolute zero value 2: 239,absolute zero value 3: 239
absolute zero value 1: 240,absolute zero value 2: 240,absolute zero value 3: 240
absolute zero value 1: 241,absolute zero value 2: 241,absolute zero value 3: 241
absolute zero value 1: 242,absolute zero value 2: 242,absolute zero value 3: 242
absolute zero value 1: 243,absolute zero value 2: 243,absolute zero value 3: 243
absolute zero value 1: 244,absolute zero value 2: 244,absolute zero value 3: 244
absolute zero value 1: 245,absolute zero value 2: 245,absolute zero value 3: 245
absolute zero value 1: 246,absolute zero value 2: 246,absolute zero value 3: 246
absolute zero value 1: 247,absolute zero value 2: 247,absolute zero value 3: 247
absolute zero value 1: 248,absolute zero value 2: 248,absolute zero value 3: 248
absolute zero value 1: 249,absolute zero value 2: 249,absolute zero value 3: 249
absolute zero value 1: 250,absolute zero value 2: 250,absolute zero value 3: 250
absolute zero value 1: 251,absolute zero value 2: 251,absolute zero value 3: 251
absolute zero value 1: 252,absolute zero value 2: 252,absolute zero value 3: 252
absolute zero value 1: 253,absolute zero value 2: 253,absolute zero value 3: 253
absolute zero value 1: 254,absolute zero value 2: 254,absolute zero value 3: 254
absolute zero value 1: 255,absolute zero value 2: 255,absolute zero value 3: 255
absolute zero value 1: 256,absolute zero value 2: 256,absolute zero value 3: 256
absolute zero value 1: 257,absolute zero value 2: 257,absolute zero value 3: 257
absolute zero value 1: 258,absolute zero value 2: 258,absolute zero value 3: 258
absolute zero value 1: 259,absolute zero value 2: 259,absolute zero value 3: 259
absolute zero value 1: 260,absolute zero value 2: 260,absolute zero value 3: 260
absolute zero value 1: 261,absolute zero value 2: 261,absolute zero value 3: 261
absolute zero value 1: 262,absolute zero value 2: 262,absolute zero value 3: 262
absolute zero value 1: 263,absolute zero value 2: 263,absolute zero value 3: 263
absolute zero value 1: 264,absolute zero value 2: 264,absolute zero value 3: 264
absolute zero value 1: 265,absolute zero value 2: 265,absolute zero value 3: 265
absolute zero value 1: 266,absolute zero value 2: 266,absolute zero value 3: 266
absolute zero value 1: 267,absolute zero value 2: 267,absolute zero value 3: 267
absolute zero value 1: 268,absolute zero value 2: 268,absolute zero value 3: 268
absolute zero value 1: 269,absolute zero value 2: 269,absolute zero value 3: 269
absolute zero value 1: 270,absolute zero value 2: 270,absolute zero value 3: 270
absolute zero value 1: 271,absolute zero value 2: 271,absolute zero value 3: 271
absolute zero value 1: 272,absolute zero value 2: 272,absolute zero value 3: 272
absolute zero value 1: 273,absolute zero value 2: 273,absolute zero value 3: 273
absolute zero value 1: 274,absolute zero value 2: 274,absolute zero value 3: 274
absolute zero value 1: 275,absolute zero value 2: 275,absolute zero value 3: 275
absolute zero value 1: 276,absolute zero value 2: 276,absolute zero value 3: 276
absolute zero value 1: 277,absolute zero value 2: 277,absolute zero value 3: 277
absolute zero value 1: 278,absolute zero value 2: 278,absolute zero value 3: 278
absolute zero value 1: 279,absolute zero value 2: 279,absolute zero value 3: 279
absolute zero value 1: 280,absolute zero value 2: 280,absolute zero value 3: 280
absolute zero value 1: 281,absolute zero value 2: 281,absolute zero value 3: 281
absolute zero value 1: 282,absolute zero value 2: 282,absolute zero value 3: 282
absolute zero value 1: 283,absolute zero value 2: 283,absolute zero value 3: 283
absolute zero value 1: 284,absolute zero value 2: 284,absolute zero value 3: 284
absolute zero value 1: 285,absolute zero value 2: 285,absolute zero value 3: 285
absolute zero value 1: 286,absolute zero value 2: 286,absolute zero value 3: 286
absolute zero value 1: 287,absolute zero value 2: 287,absolute zero value 3: 287
absolute zero value 1: 288,absolute zero value 2: 288,absolute zero value 3: 288
absolute zero value 1: 289,absolute zero value 2: 289,absolute zero value 3: 289
absolute zero value 1: 290,absolute zero value 2: 290,absolute zero value 3: 290
absolute zero value 1: 291,absolute zero value 2: 291,absolute zero value 3: 291
absolute zero value 1: 292,absolute zero value 2: 292,absolute zero value 3: 292
absolute zero value 1: 293,absolute zero value 2: 293,absolute zero value 3: 293
absolute zero value 1: 294,absolute zero value 2: 294,absolute zero value 3: 294
absolute zero value 1: 295,absolute zero value 2: 295,absolute zero value 3: 295
absolute zero value 1: 296,absolute zero value 2: 296,absolute zero value 3: 296
absolute zero value 1: 297,absolute zero value 2: 297,absolute zero value 3: 297
absolute zero value 1: 298,absolute zero value 2: 298,absolute zero value 3: 298
absolute zero value 1: 299,absolute zero value 2: 299,absolute zero value 3: 299
absolute zero value 1: 300,absolute zero value 2: 300,absolute zero value 3: 300
absolute zero value 1: 301,absolute zero value 2: 301,absolute zero value 3: 301
absolute zero value 1: 302,absolute zero value 2: 302,absolute zero value 3: 302
absolute zero value 1: 303,absolute zero value 2: 303,absolute zero value 3: 303
absolute zero value 1: 304,absolute zero value 2: 304,absolute zero value 3: 304
absolute zero value 1: 305,absolute zero value 2: 305,absolute zero value 3: 305
absolute zero value 1: 306,absolute zero value 2: 306,absolute zero value 3: 306
absolute zero value 1: 307,absolute zero value 2: 307,absolute zero value 3: 307
absolute zero value 1: 308,absolute zero value 2: 308,absolute zero value 3: 308
absolute zero value 1: 309,absolute zero value 2: 309,absolute zero value 3: 309
absolute zero value 1: 310,absolute zero value 2: 310,absolute zero value 3: 310
absolute zero value 1: 311,absolute zero value 2: 311,absolute zero value 3: 311
absolute zero value 1: 312,absolute zero value 2: 312,absolute zero value 3: 312
absolute zero value 1: 313,absolute zero value 2: 313,absolute zero value 3: 313
absolute zero value 1: 314,absolute zero value 2: 314,absolute zero value 3: 314
absolute zero value 1: 315,absolute zero value 2: 315,absolute zero value 3: 315
absolute zero value 1: 316,absolute zero value 2: 316,absolute zero value 3: 316
absolute zero value 1: 317,absolute zero value 2: 317,absolute zero value 3: 317
absolute zero value 1: 318,absolute zero value 2: 318,absolute zero value 3: 318
absolute zero value 1: 319,absolute zero value 2: 319,absolute zero value 3: 319
absolute zero value 1: 320,absolute zero value 2: 320,absolute zero value 3: 320
absolute zero value 1: 321,absolute zero value 2: 321,absolute zero value 3: 321
absolute zero value 1: 322,absolute zero value 2: 322,absolute zero value 3: 322
absolute zero value 1: 323,absolute zero value 2: 323,absolute zero value 3: 323
absolute zero value 1: 324,absolute zero value 2: 324,absolute zero value 3: 324
absolute zero value 1: 325,absolute zero value 2: 325,absolute zero value 3: 325
absolute zero value 1: 326,absolute zero value 2: 326,absolute zero value 3: 326
absolute zero value 1: 327,absolute zero value 2: 327,absolute zero value 3: 327
absolute zero value 1: 328,absolute zero value 2: 328,absolute zero value 3: 328
absolute zero value 1: 329,absolute zero value 2: 329,absolute zero value 3: 329
absolute zero value 1: 330,absolute zero value 2: 330,absolute zero value 3: 330
absolute zero value 1: 331,absolute zero value 2: 331,absolute zero value 3: 331
absolute zero value 1: 332,absolute zero value 2: 332,absolute zero value 3: 332
absolute zero value 1: 333,absolute zero value 2: 333,absolute zero value 3: 333
absolute zero value 1: 334,absolute zero value 2: 334,absolute zero value 3: 334
absolute zero value 1: 335,absolute zero value 2: 335,absolute zero value 3: 335
absolute zero value 1: 336,absolute zero value 2: 336,absolute zero value 3: 336
absolute zero value 1: 337,absolute zero value 2: 337,absolute zero value 3: 337
absolute zero value 1: 338,absolute zero value 2: 338,absolute zero value 3: 338
absolute zero value 1: 339,absolute zero value 2: 339,absolute zero value 3: 339
absolute zero value 1: 340,absolute zero value 2: 340,absolute zero value 3: 340
absolute zero value 1: 341,absolute zero value 2: 341,absolute zero value 3: 341
absolute zero value 1: 342,absolute zero value 2: 342,absolute zero value 3: 342
absolute zero value 1: 343,absolute zero value 2: 343,absolute zero value 3: 343
absolute zero value 1: 344,absolute zero value 2: 344,absolute zero value 3: 344
absolute zero value 1: 345,absolute zero value 2: 345,absolute zero value 3: 345
absolute zero value 1: 346,absolute zero value 2: 346,absolute zero value 3: 346
absolute zero value 1: 347,absolute zero value 2: 347,absolute zero value 3: 347
absolute zero value 1: 348,absolute zero value 2: 348,absolute zero value 3: 348
absolute zero value 1: 349,absolute zero value 2: 349,absolute zero value 3: 349
absolute zero value 1: 350,absolute zero value 2: 350,absolute zero value 3: 350
absolute zero value 1: 351,absolute zero value 2: 351,absolute zero value 3: 351
absolute zero value 1: 352,absolute zero value 2: 352,absolute zero value 3: 352
absolute zero value 1: 353,absolute zero value 2: 353,absolute zero value 3: 353
absolute zero value 1: 354,absolute zero value 2: 354,absolute zero value 3: 354
absolute zero value 1: 355,absolute zero value 2: 355,absolute zero value 3: 355
absolute zero value 1: 356,absolute zero value 2: 356,absolute zero value 3: 356
absolute zero value 1: 357,absolute zero value 2: 357,absolute zero value 3: 357
absolute zero value 1: 358,absolute zero value 2: 358,absolute zero value 3: 358
absolute zero value 1: 359,absolute zero value 2: 359,absolute zero value 3: 359
absolute zero value 1: 360,absolute zero value 2: 360,absolute zero value 3: 360
absolute zero value 1: 361,absolute zero value 2: 361,absolute zero value 3: 361
absolute zero value 1: 362,absolute zero value 2: 362,absolute zero value 3: 362
absolute zero value 1: 363,absolute zero value 2: 363,absolute zero value 3: 363
absolute zero value 1: 364,absolute zero value 2: 364,absolute zero value 3: 364
absolute zero value 1: 365,absolute zero value 2: 365,absolute zero value 3: 365
absolute zero value 1: 366,absolute zero value 2: 366,absolute zero value 3: 366
absolute zero value 1: 367,absolute zero value 2: 367,absolute zero value 3: 367
absolute zero value 1: 368,absolute zero value 2: 368,absolute zero value 3: 368
absolute zero value 1: 369,absolute zero value 2: 369,absolute zero value 3: 369
absolute zero value 1: 370,absolute zero value 2: 370,absolute zero value 3: 370
absolute zero value 1: 371,absolute zero value 2: 371,absolute zero value 3: 371
absolute zero value 1: 372,absolute zero value 2: 372,absolute zero value 3: 372
absolute zero value 1: 373,absolute zero value 2: 373,absolute zero value 3: 373
absolute zero value 1: 374,absolute zero value 2: 374,absolute zero value 3: 374
absolute zero value 1: 375,absolute zero value 2: 375,absolute zero value 3: 375
absolute zero value 1: 376,absolute zero value 2: 376,absolute zero value 3: 376
absolute zero value 1: 377,absolute zero value 2: 377,absolute zero value 3: 377
absolute zero value 1: 378,absolute zero value 2: 378,absolute zero value 3: 378
absolute zero value 1: 379,absolute zero value 2: 379,absolute zero value 3: 379
absolute zero value 1: 380,absolute zero value 2: 380,absolute zero value 3: 380
absolute zero value 1: 381,absolute zero value 2: 381,absolute zero value 3: 381
absolute zero value 1: 382,absolute zero value 2: 382,absolute zero value 3: 382
absolute zero value 1: 383,absolute zero value 2: 383,absolute zero value 3: 383
absolute zero value 1: 384,absolute zero value 2: 384,absolute zero value 3: 384
absolute zero value 1: 385,absolute zero value 2: 385,absolute zero value 3: 385
absolute zero value 1: 386,absolute zero value 2: 386,absolute zero value 3: 386
absolute zero value 1: 387,absolute zero value 2: 387,absolute zero value 3: 387
absolute zero value 1: 388,absolute zero value 2: 388,absolute zero value 3: 388
absolute zero value 1: 389,absolute zero value 2: 389,absolute zero value 3: 389
absolute zero value 1: 390,absolute zero value 2: 390,absolute zero value 3: 390
absolute zero value 1: 391,absolute zero value 2: 391,absolute zero value 3: 391
absolute zero value 1: 392,absolute zero value 2: 392,absolute zero value 3: 392
absolute zero value 1: 393,absolute zero value 2: 393,absolute zero value 3: 393
absolute zero value 1: 394,absolute zero value 2: 394,absolute zero value 3: 394
absolute zero value 1: 395,absolute zero value 2: 395,absolute zero value 3: 395
absolute zero value 1: 396,absolute zero value 2: 396,absolute zero value 3: 396
absolute zero value 1: 397,absolute zero value 2: 397,absolute zero value 3: 397
absolute zero value 1: 398,absolute zero value 2: 398,absolute zero value 3: 398
absolute zero value 1: 399,absolute zero value 2: 399,absolute zero value 3: 399
absolute zero value 1: 400,absolute zero value 2: 400,absolute zero value 3: 400
absolute zero value 1: 401,absolute zero value 2: 401,absolute zero value 3: 401
absolute zero value 1: 402,absolute zero value 2: 402,absolute zero value 3: 402
absolute zero value 1: 403,absolute zero value 2: 403,absolute zero value 3: 403
absolute zero value 1: 404,absolute zero value 2: 404,absolute zero value 3: 404
absolute zero value 1: 405,absolute zero value 2: 405,absolute zero value 3: 405
absolute zero value 1: 406,absolute zero value 2: 406,absolute zero value 3: 406
absolute zero value 1: 407,absolute zero value 2: 407,absolute zero value 3: 407
absolute zero value 1: 408,absolute zero value 2: 408,absolute zero value 3: 408
absolute zero value 1: 409,absolute zero value 2: 409,absolute zero value 3: 409
absolute zero value 1: 410,absolute zero value 2: 410,absolute zero value 3: 410
absolute zero value 1: 411,absolute zero value 2: 411,absolute zero value 3: 411
absolute zero value 1: 412,absolute zero value 2: 412,absolute zero value 3: 412
absolute zero value 1: 413,absolute zero value 2: 413,absolute zero value 3: 413
absolute zero value 1: 414,absolute zero value 2: 414,absolute zero value 3: 414
absolute zero value 1: 415,absolute zero value 2: 415,absolute zero value 3: 415
absolute zero value 1: 416,absolute zero value 2: 416,absolute zero value 3: 416
absolute zero value 1: 417,absolute zero value 2: 417,absolute zero value 3: 417
absolute zero value 1: 418,absolute zero value 2: 418,absolute zero value 3: 418
absolute zero value 1: 419,absolute zero value 2: 419,absolute zero value 3: 419
absolute zero value 1: 420,absolute zero value 2: 420,absolute zero value 3: 420
absolute zero value 1: 421,absolute zero value 2: 421,absolute zero value 3: 421
absolute zero value 1: 422,absolute zero value 2: 422,absolute zero value 3: 422
absolute zero value 1: 423,absolute zero value 2: 423,absolute zero value 3: 423
absolute zero value 1: 424,absolute zero value 2: 424,absolute zero value 3: 424
absolute zero value 1: 425,absolute zero value 2: 425,absolute zero value 3: 425
absolute zero value 1: 426,absolute zero value 2: 426,absolute zero value 3: 426
absolute zero value 1: 427,absolute zero value 2: 427,absolute zero value 3: 427
absolute zero value 1: 428,absolute zero value 2: 428,absolute zero value 3: 428
absolute zero value 1: 429,absolute zero value 2: 429,absolute zero value 3: 429
absolute zero value 1: 430,absolute zero value 2: 430,absolute zero value 3: 430
absolute zero value 1: 431,absolute zero value 2: 431,absolute zero value 3: 431
absolute zero value 1: 432,absolute zero value 2: 432,absolute zero value 3: 432
absolute zero value 1: 433,absolute zero value 2: 433,absolute zero value 3: 433
absolute zero value 1: 434,absolute zero value 2: 434,absolute zero value 3: 434
absolute zero value 1: 435,absolute zero value 2: 435,absolute zero value 3: 435
absolute zero value 1: 436,absolute zero value 2: 436,absolute zero value 3: 436
absolute zero value 1: 437,absolute zero value 2: 437,absolute zero value 3: 437
absolute zero value 1: 438,absolute zero value 2: 438,absolute zero value 3: 438
absolute zero value 1: 439,absolute zero value 2: 439,absolute zero value 3: 439
absolute zero value 1: 440,absolute zero value 2: 440,absolute zero value 3: 440
absolute zero value 1: 441,absolute zero value 2: 441,absolute zero value 3: 441
absolute zero value 1: 442,absolute zero value 2: 442,absolute zero value 3: 442
absolute zero value 1: 443,absolute zero value 2: 443,absolute zero value 3: 443
absolute zero value 1: 444,absolute zero value 2: 444,absolute zero value 3: 444
absolute zero value 1: 445,absolute zero value 2: 445,absolute zero value 3: 445
absolute zero value 1: 446,absolute zero value 2: 446,absolute zero value 3: 446
absolute zero value 1: 447,absolute zero value 2: 447,absolute zero value 3: 447
absolute zero value 1: 448,absolute zero value 2: 448,absolute zero value 3: 448
absolute zero value 1: 449,absolute zero value 2: 449,absolute zero value 3: 449
absolute zero value 1: 450,absolute zero value 2: 450,absolute zero value 3: 450
absolute zero value 1: 451,absolute zero value 2: 451,absolute zero value 3: 451
absolute zero value 1: 452,absolute zero value 2: 452,absolute zero value 3: 452
absolute zero value 1: 453,absolute zero value 2: 453,absolute zero value 3: 453
absolute zero value 1: 454,absolute zero value 2: 454,absolute zero value 3: 454
absolute zero value 1: 455,absolute zero value 2: 455,absolute zero value 3: 455
absolute zero value 1: 456,absolute zero value 2: 456,absolute zero value 3: 456
absolute zero value 1: 457,absolute zero value 2: 457,absolute zero value 3: 457
absolute zero value 1: 458,absolute zero value 2: 458,absolute zero value 3: 458
absolute zero value 1: 459,absolute zero value 2: 459,absolute zero value 3: 459
absolute zero value 1: 460,absolute zero value 2: 460,absolute zero value 3: 460
absolute zero value 1: 461,absolute zero value 2: 461,absolute zero value 3: 461
absolute zero value 1: 462,absolute zero value 2: 462,absolute zero value 3: 462
absolute zero value 1: 463,absolute zero value 2: 463,absolute zero value 3: 463
absolute zero value 1: 464,absolute zero value 2: 464,absolute zero value 3: 464
absolute zero value 1: 465,absolute zero value 2: 465,absolute zero value 3: 465
absolute zero value 1: 466,absolute zero value 2: 466,absolute zero value 3: 466
absolute zero value 1: 467,absolute zero value 2: 467,absolute zero value 3: 467
absolute zero value 1: 468,absolute zero value 2: 468,absolute zero value 3: 468
absolute zero value 1: 469,absolute zero value 2: 469,absolute zero value 3: 469
absolute zero value 1: 470,absolute zero value 2: 470,absolute zero value 3: 470
absolute zero value 1: 471,absolute zero value 2: 471,absolute zero value 3: 471
absolute zero value 1: 472,absolute zero value 2: 472,absolute zero value 3: 472
absolute zero value 1: 473,absolute zero value 2: 473,absolute zero value 3: 473
absolute zero value 1: 474,absolute zero value 2: 474,absolute zero value 3: 474
absolute zero value 1: 475,absolute zero value 2: 475,absolute zero value 3: 475
absolute zero value 1: 476,absolute zero value 2: 476,absolute zero value 3: 476
absolute zero value 1: 477,absolute zero value 2: 477,absolute zero value 3: 477
absolute zero value 1: 478,absolute zero value 2: 478,absolute zero value 3: 478
absolute zero value 1: 479,absolute zero value 2: 479,absolute zero value 3: 479
absolute zero value 1: 480,absolute zero value 2: 480,absolute zero value 3: 480
absolute zero value 1: 481,absolute zero value 2: 481,absolute zero value 3: 481
absolute zero value 1: 482,absolute zero value 2: 482,absolute zero value 3: 482
absolute zero value 1: 483,absolute zero value 2: 483,absolute zero value 3: 483
absolute zero value 1: 484,absolute zero value 2: 484,absolute zero value 3: 484
absolute zero value 1: 485,absolute zero value 2: 485,absolute zero value 3: 485
absolute zero value 1: 486,absolute zero value 2: 486,absolute zero value 3: 486
absolute zero value 1: 487,absolute zero value 2: 487,absolute zero value 3: 487
absolute zero value 1: 488,absolute zero value 2: 488,absolute zero value 3: 488
absolute zero value 1: 489,absolute zero value 2: 489,absolute zero value 3: 489
absolute zero value 1: 490,absolute zero value 2: 490,absolute zero value 3: 490
absolute zero value 1: 491,absolute zero value 2: 491,absolute zero value 3: 491
absolute zero value 1: 492,absolute zero value 2: 492,absolute zero value 3: 492
absolute zero value 1: 493,absolute zero value 2: 493,absolute zero value 3: 493
absolute zero value 1: 494,absolute zero value 2: 494,absolute zero value 3: 494
absolute zero value 1: 495,absolute zero value 2: 495,absolute zero value 3: 495
absolute zero value 1: 496,absolute zero value 2: 496,absolute zero value 3: 496
absolute zero value 1: 497,absolute zero value 2: 497,absolute zero value 3: 497
absolute zero value 1: 498,absolute zero value 2: 498,absolute zero value 3: 498
absolute zero value 1: 499,absolute zero value 2: 499,absolute zero value 3: 499
absolute zero value 1: 500,absolute zero value 2: 500,absolute zero value 3: 500
absolute zero value 1: 501,absolute zero value 2: 501,absolute zero value 3: 501
absolute zero value 1: 502,absolute zero value 2: 502,absolute zero value 3: 502
absolute zero value 1: 503,absolute zero value 2: 503,absolute zero value 3: 503
absolute zero value 1: 504,absolute zero value 2: 504,absolute zero value 3: 504
absolute zero value 1: 505,absolute zero value 2: 505,absolute zero value 3: 505
absolute zero value 1: 506,absolute zero value 2: 506,absolute zero value 3: 506
absolute zero value 1: 507,absolute zero value 2: 507,absolute zero value 3: 507
absolute zero value 1: 508,absolute zero value 2: 508,absolute zero value 3: 508
absolute zero value 1: 509,absolute zero value 2: 509,absolute zero value 3: 509
absolute zero value 1: 510,absolute zero value 2: 510,absolute zero value 3: 510
absolute zero value 1: 511,absolute zero value 2: 511,absolute zero value 3: 511
absolute zero value 1: 512,absolute zero value 2: 512,absolute zero value 3: 512
absolute zero value 1: 513,absolute zero value 2: 513,absolute zero value 3: 513
absolute zero value 1: 514,absolute zero value 2: 514,absolute zero value 3: 514
absolute zero value 1: 515,absolute zero value 2: 515,absolute zero value 3: 515
absolute zero value 1: 516,absolute zero value 2: 516,absolute zero value 3: 516
absolute zero value 1: 517,absolute zero value 2: 517,absolute zero value 3: 517
absolute zero value 1: 518,absolute zero value 2: 518,absolute zero value 3: 518
absolute zero value 1: 519,absolute zero value 2: 519,absolute zero value 3: 519
absolute zero value 1: 520,absolute zero value 2: 520,absolute zero value 3: 520
absolute zero value 1: 521,absolute zero value 2: 521,absolute zero value 3: 521
absolute zero value 1: 522,absolute zero value 2: 522,absolute zero value 3: 522
absolute zero value 1: 523,absolute zero value 2: 523,absolute zero value 3: 523
absolute zero value 1: 524,absolute zero value 2: 524,absolute zero value 3: 524
absolute zero value 1: 525,absolute zero value 2: 525,absolute zero value 3: 525
absolute zero value 1: 526,absolute zero value 2: 526,absolute zero value 3: 526
absolute zero value 1: 527,absolute zero value 2: 527,absolute zero value 3: 527
absolute zero value 1: 528,absolute zero value 2: 528,absolute zero value 3: 528
absolute zero value 1: 529,absolute zero value 2: 529,absolute zero value 3: 529
absolute zero value 1: 530,absolute zero value 2: 530,absolute zero value 3: 530
absolute zero value 1: 531,absolute zero value 2: 531,absolute zero value 3: 531
absolute zero value 1: 532,absolute zero value 2: 532,absolute zero value 3: 532
absolute zero value 1: 533,absolute zero value 2: 533,absolute zero value 3: 533
absolute zero value 1: 534,absolute zero value 2: 534,absolute zero value 3: 534
absolute zero value 1: 535,absolute zero value 2: 535,absolute zero value 3: 535
absolute zero value 1: 536,absolute zero value 2: 536,absolute zero value 3: 536
absolute zero value 1: 537,absolute zero value 2: 537,absolute zero value 3: 537
absolute zero value 1: 538,absolute zero value 2: 538,absolute zero value 3: 538
absolute zero value 1: 539,absolute zero value 2: 539,absolute zero value 3: 539
absolute zero value 1: 540,absolute zero value 2: 540,absolute zero value 3: 540
absolute zero value 1: 541,absolute zero value 2: 541,absolute zero value 3: 541
absolute zero value 1: 542,absolute zero value 2: 542,absolute zero value 3: 542
absolute zero value 1: 543,absolute zero value 2: 543,absolute zero value 3: 543
absolute zero value 1: 544,absolute zero value 2: 544,absolute zero value 3: 544
absolute zero value 1: 545,absolute zero value 2: 545,absolute zero value 3: 545
absolute zero value 1: 546,absolute zero value 2: 546,absolute zero value 3: 546
absolute zero value 1: 547,absolute zero value 2: 547,absolute zero value 3: 547
absolute zero value 1: 548,absolute zero value 2: 548,absolute zero value 3: 548
absolute zero value 1: 549,absolute zero value 2: 549,absolute zero value 3: 549
absolute zero value 1: 550,absolute zero value 2: 550,absolute zero value 3: 550
absolute zero value 1: 551,absolute zero value 2: 551,absolute zero value 3: 551
absolute zero value 1: 552,absolute zero value 2: 552,absolute zero value 3: 552
absolute zero value 1: 553,absolute zero value 2: 553,absolute zero value 3: 553
absolute zero value 1: 554,absolute zero value 2: 554,absolute zero value 3: 554
absolute zero value 1: 555,absolute zero value 2: 555,absolute zero value 3: 555
absolute zero value 1: 556,absolute zero value 2: 556,absolute zero value 3: 556
absolute zero value 1: 557,absolute zero value 2: 557,absolute zero value 3: 557
absolute zero value 1: 558,absolute zero value 2: 558,absolute zero value 3: 558
absolute zero value 1: 559,absolute zero value 2: 559,absolute zero value 3: 559
absolute zero value 1: 560,absolute zero value 2: 560,absolute zero value 3: 560
absolute zero value 1: 561,absolute zero value 2: 561,absolute zero value 3: 561
absolute zero value 1: 562,absolute zero value 2: 562,absolute zero value 3: 562
absolute zero value 1: 563,absolute zero value 2: 563,absolute zero value 3: 563
absolute zero value 1: 564,absolute zero value 2: 564,absolute zero value 3: 564
absolute zero value 1: 565,absolute zero value 2: 565,absolute zero value 3: 565
absolute zero value 1: 566,absolute zero value 2: 566,absolute zero value 3: 566
absolute zero value 1: 567,absolute zero value 2: 567,absolute zero value 3: 567
absolute zero value 1: 568,absolute zero value 2: 568,absolute zero value 3: 568
absolute zero value 1: 569,absolute zero value 2: 569,absolute zero value 3: 569
absolute zero value 1: 570,absolute zero value 2: 570,absolute zero value 3: 570
absolute zero value 1: 571,absolute zero value 2: 571,absolute zero value 3: 571
absolute zero value 1: 572,absolute zero value 2: 572,absolute zero value 3: 572
absolute zero value 1: 573,absolute zero value 2: 573,absolute zero value 3: 573
absolute zero value 1: 574,absolute zero value 2: 574,absolute zero value 3: 574
absolute zero value 1: 575,absolute zero value 2: 575,absolute zero value 3: 575
absolute zero value 1: 576,absolute zero value 2: 576,absolute zero value 3: 576
absolute zero value 1: 577,absolute zero value 2: 577,absolute zero value 3: 577
absolute zero value 1: 578,absolute zero value 2: 578,absolute zero value 3: 578
absolute zero value 1: 579,absolute zero value 2: 579,absolute zero value 3: 579
absolute zero value 1: 580,absolute zero value 2: 580,absolute zero value 3: 580
absolute zero value 1: 581,absolute zero value 2: 581,absolute zero value 3: 581
absolute zero value 1: 582,absolute zero value 2: 582,absolute zero value 3: 582
absolute zero value 1: 583,absolute zero value 2: 583,absolute zero value 3: 583
absolute zero value 1: 584,absolute zero value 2: 584,absolute zero value 3: 584
absolute zero value 1: 585,absolute zero value 2: 585,absolute zero value 3: 585
absolute zero value 1: 586,absolute zero value 2: 586,absolute zero value 3: 586
absolute zero value 1: 587,absolute zero value 2: 587,absolute zero value 3: 587
absolute zero value 1: 588,absolute zero value 2: 588,absolute zero value 3: 588
absolute zero value 1: 589,absolute zero value 2: 589,absolute zero value 3: 589
absolute zero value 1: 590,absolute zero value 2: 590,absolute zero value 3: 590
absolute zero value 1: 591,absolute zero value 2: 591,absolute zero value 3: 591
absolute zero value 1: 592,absolute zero value 2: 592,absolute zero value 3: 592
absolute zero value 1: 593,absolute zero value 2: 593,absolute zero value 3: 593
absolute zero value 1: 594,absolute zero value 2: 594,absolute zero value 3: 594
absolute zero value 1: 595,absolute zero value 2: 595,absolute zero value 3: 595
absolute zero value 1: 596,absolute zero value 2: 596,absolute zero value 3: 596
absolute zero value 1: 597,absolute zero value 2: 597,absolute zero value 3: 597
absolute zero value 1: 598,absolute zero value 2: 598,absolute zero value 3: 598
absolute zero value 1: 599,absolute zero value 2: 599,absolute zero value 3: 599
absolute zero value 1: 600,absolute zero value 2: 600,absolute zero value 3: 600
absolute zero value 1: 601,absolute zero value 2: 601,absolute zero value 3: 601
absolute zero value 1: 602,absolute zero value 2: 602,absolute zero value 3: 602
absolute zero value 1: 603,absolute zero value 2: 603,absolute zero value 3: 603
absolute zero value 1: 604,absolute zero value 2: 604,absolute zero value 3: 604
absolute zero value 1: 605,absolute zero value 2: 605,absolute zero value 3: 605
absolute zero value 1: 606,absolute zero value 2: 606,absolute zero value 3: 606
absolute zero value 1: 607,absolute zero value 2: 607,absolute zero value 3: 607
absolute zero value 1: 608,absolute zero value 2: 608,absolute zero value 3: 608
absolute zero value 1: 609,absolute zero value 2: 609,absolute zero value 3: 609
absolute zero value 1: 610,absolute zero value 2: 610,absolute zero value 3: 610
absolute zero value 1: 611,absolute zero value 2: 611,absolute zero value 3: 611
absolute zero value 1: 612,absolute zero value 2: 612,absolute zero value 3: 612
absolute zero value 1: 613,absolute zero value 2: 613,absolute zero value 3: 613
absolute zero value 1: 614,absolute zero value 2: 614,absolute zero value 3: 614
absolute zero value 1: 615,absolute zero value 2: 615,absolute zero value 3: 615
absolute zero value 1: 616,absolute zero value 2: 616,absolute zero value 3: 616
absolute zero value 1: 617,absolute zero value 2: 617,absolute zero value 3: 617
absolute zero value 1: 618,absolute zero value 2: 618,absolute zero value 3: 618
absolute zero value 1: 619,absolute zero value 2: 619,absolute zero value 3: 619
absolute zero value 1: 620,absolute zero value 2: 620,absolute zero value 3: 620
absolute zero value 1: 621,absolute zero value 2: 621,absolute zero value 3: 621
absolute zero value 1: 622,absolute zero value 2: 622,absolute zero value 3: 622
absolute zero value 1: 623,absolute zero value 2: 623,absolute zero value 3: 623
absolute zero value 1: 624,absolute zero value 2: 624,absolute zero value 3: 624
absolute zero value 1: 625,absolute zero value 2: 625,absolute zero value 3: 625
absolute zero value 1: 626,absolute zero value 2: 626,absolute zero value 3: 626
absolute zero value 1: 627,absolute zero value 2: 627,absolute zero value 3: 627
absolute zero value 1: 628,absolute zero value 2: 628,absolute zero value 3: 628
absolute zero value 1: 629,absolute zero value 2: 629,absolute zero value 3: 629
absolute zero value 1: 630,absolute zero value 2: 630,absolute zero value 3: 630
absolute zero value 1: 631,absolute zero value 2: 631,absolute zero value 3: 631
absolute zero value 1: 632,absolute zero value 2: 632,absolute zero value 3: 632
absolute zero value 1: 633,absolute zero value 2: 633,absolute zero value 3: 633
absolute zero value 1: 634,absolute zero value 2: 634,absolute zero value 3: 634
absolute zero value 1: 635,absolute zero value 2: 635,absolute zero value 3: 635
absolute zero value 1: 636,absolute zero value 2: 636,absolute zero value 3: 636
absolute zero value 1: 637,absolute zero value 2: 637,absolute zero value 3: 637
absolute zero value 1: 638,absolute zero value 2: 638,absolute zero value 3: 638
absolute zero value 1: 639,absolute zero value 2: 639,absolute zero value 3: 639
absolute zero value 1: 640,absolute zero value 2: 640,absolute zero value 3: 640
absolute zero value 1: 641,absolute zero value 2: 641,absolute zero value 3: 641
absolute zero value 1: 642,absolute zero value 2: 642,absolute zero value 3: 642
absolute zero value 1: 643,absolute zero value 2: 643,absolute zero value 3: 643
absolute zero value 1: 644,absolute zero value 2: 644,absolute zero value 3: 644
absolute zero value 1: 645,absolute zero value 2: 645,absolute zero value 3: 645
absolute zero value 1: 646,absolute zero value 2: 646,absolute zero value 3: 646
absolute zero value 1: 647,absolute zero value 2: 647,absolute zero value 3: 647
absolute zero value 1: 648,absolute zero value 2: 648,absolute zero value 3: 648
absolute zero value 1: 649,absolute zero value 2: 649,absolute zero value 3: 649
absolute zero value 1: 650,absolute zero value 2: 650,absolute zero value 3: 650
absolute zero value 1: 651,absolute zero value 2: 651,absolute zero value 3: 651
absolute zero value 1: 652,absolute zero value 2: 652,absolute zero value 3: 652
absolute zero value 1: 653,absolute zero value 2: 653,absolute zero value 3: 653
absolute zero value 1: 654,absolute zero value 2: 654,absolute zero value 3: 654
absolute zero value 1: 655,absolute zero value 2: 655,absolute zero value 3: 655
absolute zero value 1: 656,absolute zero value 2: 656,absolute zero value 3: 656
absolute zero value 1: 657,absolute zero value 2: 657,absolute zero value 3: 657
absolute zero value 1: 658,absolute zero value 2: 658,absolute zero value 3: 658
absolute zero value 1: 659,absolute zero value 2: 659,absolute zero value 3: 659
absolute zero value 1: 660,absolute zero value 2: 660,absolute zero value 3: 660
absolute zero value 1: 661,absolute zero value 2: 661,absolute zero value 3: 661
absolute zero value 1: 662,absolute zero value 2: 662,absolute zero value 3: 662
absolute zero value 1: 663,absolute zero value 2: 663,absolute zero value 3: 663
absolute zero value 1: 664,absolute zero value 2: 664,absolute zero value 3: 664
absolute zero value 1: 665,absolute zero value 2: 665,absolute zero value 3: 665
absolute zero value 1: 666,absolute zero value 2: 666,absolute zero value 3: 666
absolute zero value 1: 667,absolute zero value 2: 667,absolute zero value 3: 667
absolute zero value 1: 668,absolute zero value 2: 668,absolute zero value 3: 668
absolute zero value 1: 669,absolute zero value 2: 669,absolute zero value 3: 669
absolute zero value 1: 670,absolute zero value 2: 670,absolute zero value 3: 670
absolute zero value 1: 671,absolute zero value 2: 671,absolute zero value 3: 671
absolute zero value 1: 672,absolute zero value 2: 672,absolute zero value 3: 672
absolute zero value 1: 673,absolute zero value 2: 673,absolute zero value 3: 673
absolute zero value 1: 674,absolute zero value 2: 674,absolute zero value 3: 674
absolute zero value 1: 675,absolute zero value 2: 675,absolute zero value 3: 675
absolute zero value 1: 676,absolute zero value 2: 676,absolute zero value 3: 676
absolute zero value 1: 677,absolute zero value 2: 677,absolute zero value 3: 677
absolute zero value 1: 678,absolute zero value 2: 678,absolute zero value 3: 678
absolute zero value 1: 679,absolute zero value 2: 679,absolute zero value 3: 679
absolute zero value 1: 680,absolute zero value 2: 680,absolute zero value 3: 680
absolute zero value 1: 681,absolute zero value 2: 681,absolute zero value 3: 681
absolute zero value 1: 682,absolute zero value 2: 682,absolute zero value 3: 682
absolute zero value 1: 683,absolute zero value 2: 683,absolute zero value 3: 683
absolute zero value 1: 684,absolute zero value 2: 684,absolute zero value 3: 684
absolute zero value 1: 685,absolute zero value 2: 685,absolute zero value 3: 685
absolute zero value 1: 686,absolute zero value 2: 686,absolute zero value 3: 686
absolute zero value 1: 687,absolute zero value 2: 687,absolute zero value 3: 687
absolute zero value 1: 688,absolute zero value 2: 688,absolute zero value 3: 688
absolute zero value 1: 689,absolute zero value 2: 689,absolute zero value 3: 689
absolute zero value 1: 690,absolute zero value 2: 690,absolute zero value 3: 690
absolute zero value 1: 691,absolute zero value 2: 691,absolute zero value 3: 691
absolute zero value 1: 692,absolute zero value 2: 692,absolute zero value 3: 692
absolute zero value 1: 693,absolute zero value 2: 693,absolute zero value 3: 693
absolute zero value 1: 694,absolute zero value 2: 694,absolute zero value 3: 694
absolute zero value 1: 695,absolute zero value 2: 695,absolute zero value 3: 695
absolute zero value 1: 696,absolute zero value 2: 696,absolute zero value 3: 696
absolute zero value 1: 697,absolute zero value 2: 697,absolute zero value 3: 697
absolute zero value 1: 698,absolute zero value 2: 698,absolute zero value 3: 698
absolute zero value 1: 699,absolute zero value 2: 699,absolute zero value 3: 699
absolute zero value 1: 700,absolute zero value 2: 700,absolute zero value 3: 700
absolute zero value 1: 701,absolute zero value 2: 701,absolute zero value 3: 701
absolute zero value 1: 702,absolute zero value 2: 702,absolute zero value 3: 702
absolute zero value 1: 703,absolute zero value 2: 703,absolute zero value 3: 703
absolute zero value 1: 704,absolute zero value 2: 704,absolute zero value 3: 704
absolute zero value 1: 705,absolute zero value 2: 705,absolute zero value 3: 705
absolute zero value 1: 706,absolute zero value 2: 706,absolute zero value 3: 706
absolute zero value 1: 707,absolute zero value 2: 707,absolute zero value 3: 707
absolute zero value 1: 708,absolute zero value 2: 708,absolute zero value 3: 708
absolute zero value 1: 709,absolute zero value 2: 709,absolute zero value 3: 709
absolute zero value 1: 710,absolute zero value 2: 710,absolute zero value 3: 710
absolute zero value 1: 711,absolute zero value 2: 711,absolute zero value 3: 711
absolute zero value 1: 712,absolute zero value 2: 712,absolute zero value 3: 712
absolute zero value 1: 713,absolute zero value 2: 713,absolute zero value 3: 713
absolute zero value 1: 714,absolute zero value 2: 714,absolute zero value 3: 714
absolute zero value 1: 715,absolute zero value 2: 715,absolute zero value 3: 715
absolute zero value 1: 716,absolute zero value 2: 716,absolute zero value 3: 716
absolute zero value 1: 717,absolute zero value 2: 717,absolute zero value 3: 717
absolute zero value 1: 718,absolute zero value 2: 718,absolute zero value 3: 718
absolute zero value 1: 719,absolute zero value 2: 719,absolute zero value 3: 719
absolute zero value 1: 720,absolute zero value 2: 720,absolute zero value 3: 720
absolute zero value 1: 721,absolute zero value 2: 721,absolute zero value 3: 721
absolute zero value 1: 722,absolute zero value 2: 722,absolute zero value 3: 722
absolute zero value 1: 723,absolute zero value 2: 723,absolute zero value 3: 723
absolute zero value 1: 724,absolute zero value 2: 724,absolute zero value 3: 724
absolute zero value 1: 725,absolute zero value 2: 725,absolute zero value 3: 725
absolute zero value 1: 726,absolute zero value 2: 726,absolute zero value 3: 726
absolute zero value 1: 727,absolute zero value 2: 727,absolute zero value 3: 727
absolute zero value 1: 728,absolute zero value 2: 728,absolute zero value 3: 728
absolute zero value 1: 729,absolute zero value 2: 729,absolute zero value 3: 729
absolute zero value 1: 730,absolute zero value 2: 730,absolute zero value 3: 730
absolute zero value 1: 731,absolute zero value 2: 731,absolute zero value 3: 731
absolute zero value 1: 732,absolute zero value 2: 732,absolute zero value 3: 732
absolute zero value 1: 733,absolute zero value 2: 733,absolute zero value 3: 733
absolute zero value 1: 734,absolute zero value 2: 734,absolute zero value 3: 734
absolute zero value 1: 735,absolute zero value 2: 735,absolute zero value 3: 735
absolute zero value 1: 736,absolute zero value 2: 736,absolute zero value 3: 736
absolute zero value 1: 737,absolute zero value 2: 737,absolute zero value 3: 737
absolute zero value 1: 738,absolute zero value 2: 738,absolute zero value 3: 738
absolute zero value 1: 739,absolute zero value 2: 739,absolute zero value 3: 739
absolute zero value 1: 740,absolute zero value 2: 740,absolute zero value 3: 740
absolute zero value 1: 741,absolute zero value 2: 741,absolute zero value 3: 741
absolute zero value 1: 742,absolute zero value 2: 742,absolute zero value 3: 742
absolute zero value 1: 743,absolute zero value 2: 743,absolute zero value 3: 743
absolute zero value 1: 744,absolute zero value 2: 744,absolute zero value 3: 744
absolute zero value 1: 745,absolute zero value 2: 745,absolute zero value 3: 745
absolute zero value 1: 746,absolute zero value 2: 746,absolute zero value 3: 746
absolute zero value 1: 747,absolute zero value 2: 747,absolute zero value 3: 747
absolute zero value 1: 748,absolute zero value 2: 748,absolute zero value 3: 748
absolute zero value 1: 749,absolute zero value 2: 749,absolute zero value 3: 749
absolute zero value 1: 750,absolute zero value 2: 750,absolute zero value 3: 750
absolute zero value 1: 751,absolute zero value 2: 751,absolute zero value 3: 751
absolute zero value 1: 752,absolute zero value 2: 752,absolute zero value 3: 752
absolute zero value 1: 753,absolute zero value 2: 753,absolute zero value 3: 753
absolute zero value 1: 754,absolute zero value 2: 754,absolute zero value 3: 754
absolute zero value 1: 755,absolute zero value 2: 755,absolute zero value 3: 755
absolute zero value 1: 756,absolute zero value 2: 756,absolute zero value 3: 756
absolute zero value 1: 757,absolute zero value 2: 757,absolute zero value 3: 757
absolute zero value 1: 758,absolute zero value 2: 758,absolute zero value 3: 758
absolute zero value 1: 759,absolute zero value 2: 759,absolute zero value 3: 759
absolute zero value 1: 760,absolute zero value 2: 760,absolute zero value 3: 760
absolute zero value 1: 761,absolute zero value 2: 761,absolute zero value 3: 761
absolute zero value 1: 762,absolute zero value 2: 762,absolute zero value 3: 762
absolute zero value 1: 763,absolute zero value 2: 763,absolute zero value 3: 763
absolute zero value 1: 764,absolute zero value 2: 764,absolute zero value 3: 764
absolute zero value 1: 765,absolute zero value 2: 765,absolute zero value 3: 765
absolute zero value 1: 766,absolute zero value 2: 766,absolute zero value 3: 766
absolute zero value 1: 767,absolute zero value 2: 767,absolute zero value 3: 767
absolute zero value 1: 768,absolute zero value 2: 768,absolute zero value 3: 768
absolute zero value 1: 769,absolute zero value 2: 769,absolute zero value 3: 769
absolute zero value 1: 770,absolute zero value 2: 770,absolute zero value 3: 770
absolute zero value 1: 771,absolute zero value 2: 771,absolute zero value 3: 771
absolute zero value 1: 772,absolute zero value 2: 772,absolute zero value 3: 772
absolute zero value 1: 773,absolute zero value 2: 773,absolute zero value 3: 773
absolute zero value 1: 774,absolute zero value 2: 774,absolute zero value 3: 774
absolute zero value 1: 775,absolute zero value 2: 775,absolute zero value 3: 775
absolute zero value 1: 776,absolute zero value 2: 776,absolute zero value 3: 776
absolute zero value 1: 777,absolute zero value 2: 777,absolute zero value 3: 777
absolute zero value 1: 778,absolute zero value 2: 778,absolute zero value 3: 778
absolute zero value 1: 779,absolute zero value 2: 779,absolute zero value 3: 779
absolute zero value 1: 780,absolute zero value 2: 780,absolute zero value 3: 780
absolute zero value 1: 781,absolute zero value 2: 781,absolute zero value 3: 781
absolute zero value 1: 782,absolute zero value 2: 782,absolute zero value 3: 782
absolute zero value 1: 783,absolute zero value 2: 783,absolute zero value 3: 783
absolute zero value 1: 784,absolute zero value 2: 784,absolute zero value 3: 784
absolute zero value 1: 785,absolute zero value 2: 785,absolute zero value 3: 785
absolute zero value 1: 786,absolute zero value 2: 786,absolute zero value 3: 786
absolute zero value 1: 787,absolute zero value 2: 787,absolute zero value 3: 787
absolute zero value 1: 788,absolute zero value 2: 788,absolute zero value 3: 788
absolute zero value 1: 789,absolute zero value 2: 789,absolute zero value 3: 789
absolute zero value 1: 790,absolute zero value 2: 790,absolute zero value 3: 790
absolute zero value 1: 791,absolute zero value 2: 791,absolute zero value 3: 791
absolute zero value 1: 792,absolute zero value 2: 792,absolute zero value 3: 792
absolute zero value 1: 793,absolute zero value 2: 793,absolute zero value 3: 793
absolute zero value 1: 794,absolute zero value 2: 794,absolute zero value 3: 794
absolute zero value 1: 795,absolute zero value 2: 795,absolute zero value 3: 795
absolute zero value 1: 796,absolute zero value 2: 796,absolute zero value 3: 796
absolute zero value 1: 797,absolute zero value 2: 797,absolute zero value 3: 797
absolute zero value 1: 798,absolute zero value 2: 798,absolute zero value 3: 798
absolute zero value 1: 799,absolute zero value 2: 799,absolute zero value 3: 799
absolute zero value 1: 800,absolute zero value 2: 800,absolute zero value 3: 800
absolute zero value 1: 801,absolute zero value 2: 801,absolute zero value 3: 801
absolute zero value 1: 802,absolute zero value 2: 802,absolute zero value 3: 802
absolute zero value 1: 803,absolute zero value 2: 803,absolute zero value 3: 803
absolute zero value 1: 804,absolute zero value 2: 804,absolute zero value 3: 804
absolute zero value 1: 805,absolute zero value 2: 805,absolute zero value 3: 805
absolute zero value 1: 806,absolute zero value 2: 806,absolute zero value 3: 806
absolute zero value 1: 807,absolute zero value 2: 807,absolute zero value 3: 807
absolute zero value 1: 808,absolute zero value 2: 808,absolute zero value 3: 808
absolute zero value 1: 809,absolute zero value 2: 809,absolute zero value 3: 809
absolute zero value 1: 810,absolute zero value 2: 810,absolute zero value 3: 810
absolute zero value 1: 811,absolute zero value 2: 811,absolute zero value 3: 811
absolute zero value 1: 812,absolute zero value 2: 812,absolute zero value 3: 812
absolute zero value 1: 813,absolute zero value 2: 813,absolute zero value 3: 813
absolute zero value 1: 814,absolute zero value 2: 814,absolute zero value 3: 814
absolute zero value 1: 815,absolute zero value 2: 815,absolute zero value 3: 815
absolute zero value 1: 816,absolute zero value 2: 816,absolute zero value 3: 816
absolute zero value 1: 817,absolute zero value 2: 817,absolute zero value 3: 817
absolute zero value 1: 818,absolute zero value 2: 818,absolute zero value 3: 818
absolute zero value 1: 819,absolute zero value 2: 819,absolute zero value 3: 819
absolute zero value 1: 820,absolute zero value 2: 820,absolute zero value 3: 820
absolute zero value 1: 821,absolute zero value 2: 821,absolute zero value 3: 821
absolute zero value 1: 822,absolute zero value 2: 822,absolute zero value 3: 822
absolute zero value 1: 823,absolute zero value 2: 823,absolute zero value 3: 823
absolute zero value 1: 824,absolute zero value 2: 824,absolute zero value 3: 824
absolute zero value 1: 825,absolute zero value 2: 825,absolute zero value 3: 825
absolute zero value 1: 826,absolute zero value 2: 826,absolute zero value 3: 826
absolute zero value 1: 827,absolute zero value 2: 827,absolute zero value 3: 827
absolute zero value 1: 828,absolute zero value 2: 828,absolute zero value 3: 828
absolute zero value 1: 829,absolute zero value 2: 829,absolute zero value 3: 829
absolute zero value 1: 830,absolute zero value 2: 830,absolute zero value 3: 830
absolute zero value 1: 831,absolute zero value 2: 831,absolute zero value 3: 831
absolute zero value 1: 832,absolute zero value 2: 832,absolute zero value 3: 832
absolute zero value 1: 833,absolute zero value 2: 833,absolute zero value 3: 833
absolute zero value 1: 834,absolute zero value 2: 834,absolute zero value 3: 834
absolute zero value 1: 835,absolute zero value 2: 835,absolute zero value 3: 835
absolute zero value 1: 836,absolute zero value 2: 836,absolute zero value 3: 836
absolute zero value 1: 837,absolute zero value 2: 837,absolute zero value 3: 837
absolute zero value 1: 838,absolute zero value 2: 838,absolute zero value 3: 838
absolute zero value 1: 839,absolute zero value 2: 839,absolute zero value 3: 839
absolute zero value 1: 840,absolute zero value 2: 840,absolute zero value 3: 840
absolute zero value 1: 841,absolute zero value 2: 841,absolute zero value 3: 841
absolute zero value 1: 842,absolute zero value 2: 842,absolute zero value 3: 842
absolute zero value 1: 843,absolute zero value 2: 843,absolute zero value 3: 843
absolute zero value 1: 844,absolute zero value 2: 844,absolute zero value 3: 844
absolute zero value 1: 845,absolute zero value 2: 845,absolute zero value 3: 845
absolute zero value 1: 846,absolute zero value 2: 846,absolute zero value 3: 846
absolute zero value 1: 847,absolute zero value 2: 847,absolute zero value 3: 847
absolute zero value 1: 848,absolute zero value 2: 848,absolute zero value 3: 848
absolute zero value 1: 849,absolute zero value 2: 849,absolute zero value 3: 849
absolute zero value 1: 850,absolute zero value 2: 850,absolute zero value 3: 850
absolute zero value 1: 851,absolute zero value 2: 851,absolute zero value 3: 851
absolute zero value 1: 852,absolute zero value 2: 852,absolute zero value 3: 852
absolute zero value 1: 853,absolute zero value 2: 853,absolute zero value 3: 853
absolute zero value 1: 854,absolute zero value 2: 854,absolute zero value 3: 854
absolute zero value 1: 855,absolute zero value 2: 855,absolute zero value 3: 855
absolute zero value 1: 856,absolute zero value 2: 856,absolute zero value 3: 856
absolute zero value 1: 857,absolute zero value 2: 857,absolute zero value 3: 857
absolute zero value 1: 858,absolute zero value 2: 858,absolute zero value 3: 858
absolute zero value 1: 859,absolute zero value 2: 859,absolute zero value 3: 859
absolute zero value 1: 860,absolute zero value 2: 860,absolute zero value 3: 860
absolute zero value 1: 861,absolute zero value 2: 861,absolute zero value 3: 861
absolute zero value 1: 862,absolute zero value 2: 862,absolute zero value 3: 862
absolute zero value 1: 863,absolute zero value 2: 863,absolute zero value 3: 863
absolute zero value 1: 864,absolute zero value 2: 864,absolute zero value 3: 864
absolute zero value 1: 865,absolute zero value 2: 865,absolute zero value 3: 865
absolute zero value 1: 866,absolute zero value 2: 866,absolute zero value 3: 866
absolute zero value 1: 867,absolute zero value 2: 867,absolute zero value 3: 867
absolute zero value 1: 868,absolute zero value 2: 868,absolute zero value 3: 868
absolute zero value 1: 869,absolute zero value 2: 869,absolute zero value 3: 869
absolute zero value 1: 870,absolute zero value 2: 870,absolute zero value 3: 870
absolute zero value 1: 871,absolute zero value 2: 871,absolute zero value 3: 871
absolute zero value 1: 872,absolute zero value 2: 872,absolute zero value 3: 872
absolute zero value 1: 873,absolute zero value 2: 873,absolute zero value 3: 873
absolute zero value 1: 874,absolute zero value 2: 874,absolute zero value 3: 874
absolute zero value 1: 875,absolute zero value 2: 875,absolute zero value 3: 875
absolute zero value 1: 876,absolute zero value 2: 876,absolute zero value 3: 876
absolute zero value 1: 877,absolute zero value 2: 877,absolute zero value 3: 877
absolute zero value 1: 878,absolute zero value 2: 878,absolute zero value 3: 878
absolute zero value 1: 879,absolute zero value 2: 879,absolute zero value 3: 879
absolute zero value 1: 880,absolute zero value 2: 880,absolute zero value 3: 880
absolute zero value 1: 881,absolute zero value 2: 881,absolute zero value 3: 881
absolute zero value 1: 882,absolute zero value 2: 882,absolute zero value 3: 882
absolute zero value 1: 883,absolute zero value 2: 883,absolute zero value 3: 883
absolute zero value 1: 884,absolute zero value 2: 884,absolute zero value 3: 884
absolute zero value 1: 885,absolute zero value 2: 885,absolute zero value 3: 885
absolute zero value 1: 886,absolute zero value 2: 886,absolute zero value 3: 886
absolute zero value 1: 887,absolute zero value 2: 887,absolute zero value 3: 887
absolute zero value 1: 888,absolute zero value 2: 888,absolute zero value 3: 888
absolute zero value 1: 889,absolute zero value 2: 889,absolute zero value 3: 889
absolute zero value 1: 890,absolute zero value 2: 890,absolute zero value 3: 890
absolute zero value 1: 891,absolute zero value 2: 891,absolute zero value 3: 891
absolute zero value 1: 892,absolute zero value 2: 892,absolute zero value 3: 892
absolute zero value 1: 893,absolute zero value 2: 893,absolute zero value 3: 893
absolute zero value 1: 894,absolute zero value 2: 894,absolute zero value 3: 894
absolute zero value 1: 895,absolute zero value 2: 895,absolute zero value 3: 895
absolute zero value 1: 896,absolute zero value 2: 896,absolute zero value 3: 896
absolute zero value 1: 897,absolute zero value 2: 897,absolute zero value 3: 897
absolute zero value 1: 898,absolute zero value 2: 898,absolute zero value 3: 898
absolute zero value 1: 899,absolute zero value 2: 899,absolute zero value 3: 899
absolute zero value 1: 900,absolute zero value 2: 900,absolute zero value 3: 900
absolute zero value 1: 901,absolute zero value 2: 901,absolute zero value 3: 901
absolute zero value 1: 902,absolute zero value 2: 902,absolute zero value 3: 902
absolute zero value 1: 903,absolute zero value 2: 903,absolute zero value 3: 903
absolute zero value 1: 904,absolute zero value 2: 904,absolute zero value 3: 904
absolute zero value 1: 905,absolute zero value 2: 905,absolute zero value 3: 905
absolute zero value 1: 906,absolute zero value 2: 906,absolute zero value 3: 906
absolute zero value 1: 907,absolute zero value 2: 907,absolute zero value 3: 907
absolute zero value 1: 908,absolute zero value 2: 908,absolute zero value 3: 908
absolute zero value 1: 909,absolute zero value 2: 909,absolute zero value 3: 909
absolute zero value 1: 910,absolute zero value 2: 910,absolute zero value 3: 910
absolute zero value 1: 911,absolute zero value 2: 911,absolute zero value 3: 911
absolute zero value 1: 912,absolute zero value 2: 912,absolute zero value 3: 912
absolute zero value 1: 913,absolute zero value 2: 913,absolute zero value 3: 913
absolute zero value 1: 914,absolute zero value 2: 914,absolute zero value 3: 914
absolute zero value 1: 915,absolute zero value 2: 915,absolute zero value 3: 915
absolute zero value 1: 916,absolute zero value 2: 916,absolute zero value 3: 916
absolute zero value 1: 917,absolute zero value 2: 917,absolute zero value 3: 917
absolute zero value 1: 918,absolute zero value 2: 918,absolute zero value 3: 918
absolute zero value 1: 919,absolute zero value 2: 919,absolute zero value 3: 919
absolute zero value 1: 920,absolute zero value 2: 920,absolute zero value 3: 920
absolute zero value 1: 921,absolute zero value 2: 921,absolute zero value 3: 921
absolute zero value 1: 922,absolute zero value 2: 922,absolute zero value 3: 922
absolute zero value 1: 923,absolute zero value 2: 923,absolute zero value 3: 923
absolute zero value 1: 924,absolute zero value 2: 924,absolute zero value 3: 924
absolute zero value 1: 925,absolute zero value 2: 925,absolute zero value 3: 925
absolute zero value 1: 926,absolute zero value 2: 926,absolute zero value 3: 926
absolute zero value 1: 927,absolute zero value 2: 927,absolute zero value 3: 927
absolute zero value 1: 928,absolute zero value 2: 928,absolute zero value 3: 928
absolute zero value 1: 929,absolute zero value 2: 929,absolute zero value 3: 929
absolute zero value 1: 930,absolute zero value 2: 930,absolute zero value 3: 930
absolute zero value 1: 931,absolute zero value 2: 931,absolute zero value 3: 931
absolute zero value 1: 932,absolute zero value 2: 932,absolute zero value 3: 932
absolute zero value 1: 933,absolute zero value 2: 933,absolute zero value 3: 933
absolute zero value 1: 934,absolute zero value 2: 934,absolute zero value 3: 934
absolute zero value 1: 935,absolute zero value 2: 935,absolute zero value 3: 935
absolute zero value 1: 936,absolute zero value 2: 936,absolute zero value 3: 936
absolute zero value 1: 937,absolute zero value 2: 937,absolute zero value 3: 937
absolute zero value 1: 938,absolute zero value 2: 938,absolute zero value 3: 938
absolute zero value 1: 939,absolute zero value 2: 939,absolute zero value 3: 939
absolute zero value 1: 940,absolute zero value 2: 940,absolute zero value 3: 940
absolute zero value 1: 941,absolute zero value 2: 941,absolute zero value 3: 941
absolute zero value 1: 942,absolute zero value 2: 942,absolute zero value 3: 942
absolute zero value 1: 943,absolute zero value 2: 943,absolute zero value 3: 943
absolute zero value 1: 944,absolute zero value 2: 944,absolute zero value 3: 944
absolute zero value 1: 945,absolute zero value 2: 945,absolute zero value 3: 945
absolute zero value 1: 946,absolute zero value 2: 946,absolute zero value 3: 946
absolute zero value 1: 947,absolute zero value 2: 947,absolute zero value 3: 947
absolute zero value 1: 948,absolute zero value 2: 948,absolute zero value 3: 948
absolute zero value 1: 949,absolute zero value 2: 949,absolute zero value 3: 949
absolute zero value 1: 950,absolute zero value 2: 950,absolute zero value 3: 950
absolute zero value 1: 951,absolute zero value 2: 951,absolute zero value 3: 951
absolute zero value 1: 952,absolute zero value 2: 952,absolute zero value 3: 952
absolute zero value 1: 953,absolute zero value 2: 953,absolute zero value 3: 953
absolute zero value 1: 954,absolute zero value 2: 954,absolute zero value 3: 954
absolute zero value 1: 955,absolute zero value 2: 955,absolute zero value 3: 955
absolute zero value 1: 956,absolute zero value 2: 956,absolute zero value 3: 956
absolute zero value 1: 957,absolute zero value 2: 957,absolute zero value 3: 957
absolute zero value 1: 958,absolute zero value 2: 958,absolute zero value 3: 958
absolute zero value 1: 959,absolute zero value 2: 959,absolute zero value 3: 959
absolute zero value 1: 960,absolute zero value 2: 960,absolute zero value 3: 960
absolute zero value 1: 961,absolute zero value 2: 961,absolute zero value 3: 961
absolute zero value 1: 962,absolute zero value 2: 962,absolute zero value 3: 962
absolute zero value 1: 963,absolute zero value 2: 963,absolute zero value 3: 963
absolute zero value 1: 964,absolute zero value 2: 964,absolute zero value 3: 964
absolute zero value 1: 965,absolute zero value 2: 965,absolute zero value 3: 965
absolute zero value 1: 966,absolute zero value 2: 966,absolute zero value 3: 966
absolute zero value 1: 967,absolute zero value 2: 967,absolute zero value 3: 967
absolute zero value 1: 968,absolute zero value 2: 968,absolute zero value 3: 968
absolute zero value 1: 969,absolute zero value 2: 969,absolute zero value 3: 969
absolute zero value 1: 970,absolute zero value 2: 970,absolute zero value 3: 970
absolute zero value 1: 971,absolute zero value 2: 971,absolute zero value 3: 971
absolute zero value 1: 972,absolute zero value 2: 972,absolute zero value 3: 972
absolute zero value 1: 973,absolute zero value 2: 973,absolute zero value 3: 973
absolute zero value 1: 974,absolute zero value 2: 974,absolute zero value 3: 974
absolute zero value 1: 975,absolute zero value 2: 975,absolute zero value 3: 975
absolute zero value 1: 976,absolute zero value 2: 976,absolute zero value 3: 976
absolute zero value 1: 977,absolute zero value 2: 977,absolute zero value 3: 977
absolute zero value 1: 978,absolute zero value 2: 978,absolute zero value 3: 978
absolute zero value 1: 979,absolute zero value 2: 979,absolute zero value 3: 979
absolute zero value 1: 980,absolute zero value 2: 980,absolute zero value 3: 980
absolute zero value 1: 981,absolute zero value 2: 981,absolute zero value 3: 981
absolute zero value 1: 982,absolute zero value 2: 982,absolute zero value 3: 982
absolute zero value 1: 983,absolute zero value 2: 983,absolute zero value 3: 983
absolute zero value 1: 984,absolute zero value 2: 984,absolute zero value 3: 984
absolute zero value 1: 985,absolute zero value 2: 985,absolute zero value 3: 985
absolute zero value 1: 986,absolute zero value 2: 986,absolute zero value 3: 986
absolute zero value 1: 987,absolute zero value 2: 987,absolute zero value 3: 987
absolute zero value 1: 988,absolute zero value 2: 988,absolute zero value 3: 988
absolute zero value 1: 989,absolute zero value 2: 989,absolute zero value 3: 989
absolute zero value 1: 990,absolute zero value 2: 990,absolute zero value 3: 990
absolute zero value 1: 991,absolute zero value 2: 991,absolute zero value 3: 991
absolute zero value 1: 992,absolute zero value 2: 992,absolute zero value 3: 992
absolute zero value 1: 993,absolute zero value 2: 993,absolute zero value 3: 993
absolute zero value 1: 994,absolute zero value 2: 994,absolute zero value 3: 994
absolute zero value 1: 995,absolute zero value 2: 995,absolute zero value 3: 995
absolute zero value 1: 996,absolute zero value 2: 996,absolute zero value 3: 996
absolute zero value 1: 997,absolute zero value 2: 997,absolute zero value 3: 997
absolute zero value 1: 998,absolute zero value 2: 998,absolute zero value 3: 998
absolute zero value 1: 999,absolute zero value 2: 999,absolute zero value 3: 999
