{"_module": "oauth2client.client", "scopes": ["https://www.googleapis.com/auth/drive.metadata.readonly"], "token_expiry": "2018-09-04T17:46:40Z", "id_token": null, "user_agent": null, "access_token": "ya29.Gl0OBiK2oh6aZDNd3qbVlFwScEPfuUtcKYN7VKKB1XTgY3cdMBHwAApWYzWGqIekiV5jlav1rMDl4IMUbRIM8guVbBgzQC7voHgKlnuIyOfrEz3culyuOdw_CZoG504", "token_uri": "https://www.googleapis.com/oauth2/v3/token", "invalid": false, "token_response": {"access_token": "ya29.Gl0OBiK2oh6aZDNd3qbVlFwScEPfuUtcKYN7VKKB1XTgY3cdMBHwAApWYzWGqIekiV5jlav1rMDl4IMUbRIM8guVbBgzQC7voHgKlnuIyOfrEz3culyuOdw_CZoG504", "scope": "https://www.googleapis.com/auth/drive.metadata.readonly", "expires_in": 3600, "token_type": "Bearer"}, "client_id": "929543902488-4icf5jf58no4rhu4tob6h1m6epss69e8.apps.googleusercontent.com", "token_info_uri": "https://www.googleapis.com/oauth2/v3/tokeninfo", "client_secret": "IN7wOm_waJkb9KaTQaD13lHL", "revoke_uri": "https://accounts.google.com/o/oauth2/revoke", "_class": "OAuth2Credentials", "refresh_token": "1/Ntx2r-uugoVByeYPg1Wmj3vRgFaplip3gF23DJHyybM", "id_token_jwt": null}