{"_module": "oauth2client.client", "scopes": ["https://www.googleapis.com/auth/drive"], "token_expiry": "2018-09-04T22:21:43Z", "id_token": null, "user_agent": null, "access_token": "ya29.GlsOBtGJjXD9VwkjEfcCez9QgpS1UykOoFq-mqrnW1dtMtnqH0LTNW6L6QOP4qy8d1sGtJ8VzkoKGgWJVafvL_oM6QDW_CEkgVs-KqQQ45hK_azZOQDr1i3vIl_o", "token_uri": "https://www.googleapis.com/oauth2/v3/token", "invalid": false, "token_response": {"access_token": "ya29.GlsOBtGJjXD9VwkjEfcCez9QgpS1UykOoFq-mqrnW1dtMtnqH0LTNW6L6QOP4qy8d1sGtJ8VzkoKGgWJVafvL_oM6QDW_CEkgVs-KqQQ45hK_azZOQDr1i3vIl_o", "scope": "https://www.googleapis.com/auth/drive", "expires_in": 3600, "token_type": "Bearer"}, "client_id": "756555237786-39gromh59m82j7p7441uoocgsemr2uvp.apps.googleusercontent.com", "token_info_uri": "https://www.googleapis.com/oauth2/v3/tokeninfo", "client_secret": "aJuKjPumdOU15ZI-Yi406bWT", "revoke_uri": "https://accounts.google.com/o/oauth2/revoke", "_class": "OAuth2Credentials", "refresh_token": "1/wrFUG_QUEdwG6-Gn5YyiTs2y6Erq7-E8FJFUq6qlp0E", "id_token_jwt": null}